,Unnamed: 0.1,Unnamed: 0,id,name,slug,permalink,date_created,date_created_gmt,date_modified,date_modified_gmt,type,status,featured,catalog_visibility,description,short_description,sku,price,regular_price,sale_price,date_on_sale_from,date_on_sale_from_gmt,date_on_sale_to,date_on_sale_to_gmt,on_sale,purchasable,total_sales,virtual,downloadable,downloads,download_limit,download_expiry,external_url,button_text,tax_status,tax_class,manage_stock,stock_quantity,backorders,backorders_allowed,backordered,low_stock_amount,sold_individually,weight,dimensions,shipping_required,shipping_taxable,shipping_class,shipping_class_id,reviews_allowed,average_rating,rating_count,upsell_ids,cross_sell_ids,parent_id,purchase_note,categories,tags,images,attributes,default_attributes,variations,grouped_products,menu_order,price_html,related_ids,meta_data,stock_status,has_options,hs_code,manufacture_country,unit,unit_price,mini_desc,defect_description,min_age,gtin,mpn,sale_price_label,sale_price_regular_label,delivery_time,country_specific_delivery_times,free_shipping,service,used_good,defective_copy,differential_taxation,is_food,food,_links,Category 0,Category 1,Category 2,attribute value 0,attribute name 0
0,0,0,166601,"APPLE iPad Wi-Fi 2021 9th Gen (10.2"", 64 GB, Space Grau)",apple-ipad-wi-fi-2021-9th-gen-10-2-64-gb-space-grau,https://hanfpost.ch/apple-ipad-wi-fi-2021-9th-gen-10-2-64-gb-space-grau/,2022-11-30T16:27:53,2022-11-30T15:27:53,2022-12-05T09:38:13,2022-12-05T08:38:13,simple,publish,False,hidden,,,,369.0,369.0,,,,,,False,True,0,False,False,[],-1,-1,,,taxable,,False,,no,False,False,,False,,"{'length': '', 'width': '', 'height': ''}",True,True,,0,True,0.0,0,[],[],0,,"[{'id': 76, 'name': 'CBD Öl', 'slug': 'cbd-ol'}]",[],"[{'id': 166600, 'date_created': '2022-11-30T17:26:57', 'date_created_gmt': '2022-11-30T15:26:57', 'date_modified': '2022-11-30T17:26:57', 'date_modified_gmt': '2022-11-30T15:26:57', 'src': 'https://hanfpost.ch/wp-content/uploads/2022/11/9a6955327bdbe7494b9eb46fa029a0f317c7fff53d537.jpeg', 'name': '9a6955327bdbe7494b9eb46fa029a0f317c7fff53d537', 'alt': ''}]",[],[],[],[],0,"<span class=""woocommerce-Price-amount amount""><bdi>369,00&nbsp;<span class=""woocommerce-Price-currencySymbol"">&#67;&#72;&#70;</span></bdi></span>","[126729, 125389, 129040, 125996, 128752]","[{'id': 2823821, 'key': '_wt_product_coupon', 'value': ''}, {'id': 2823823, 'key': 'rank_math_seo_score', 'value': '13'}, {'id': 2823826, 'key': 'pf_swissbilling_product_category', 'value': 'none'}, {'id': 2823827, 'key': '_ywpc_enabled', 'value': 'no'}, {'id': 2823828, 'key': '_ywpc_sale_price_dates_from', 'value': ''}, {'id': 2823829, 'key': '_ywpc_sale_price_dates_to', 'value': ''}, {'id': 2823830, 'key': '_ywpc_sold_qty', 'value': '0'}, {'id': 2823831, 'key': '_ywpc_discount_qty', 'value': '0'}, {'id': 2823847, 'key': 'wc_productdata_options', 'value': [{'_product_block': '0', '_top_content': '', '_bottom_content': '', '_bubble_new': '', '_bubble_text': '', '_custom_tab_title': '', '_custom_tab': '', '_product_video': '', '_product_video_size': '', '_product_video_placement': ''}]}, {'id': 2823848, 'key': '_unit', 'value': ''}, {'id': 2823849, 'key': '_unit_base', 'value': ''}, {'id': 2823850, 'key': '_unit_product', 'value': ''}, {'id': 2823851, 'key': '_unit_price_auto', 'value': 'no'}, {'id': 2823852, 'key': '_unit_price_regular', 'value': ''}, {'id': 2823853, 'key': '_unit_price', 'value': ''}, {'id': 2823854, 'key': '_unit_price_sale', 'value': ''}, {'id': 2823855, 'key': '_sale_price_label', 'value': ''}, {'id': 2823856, 'key': '_sale_price_regular_label', 'value': ''}, {'id': 2823857, 'key': '_mini_desc', 'value': ''}, {'id': 2823858, 'key': '_defect_description', 'value': ''}, {'id': 2823859, 'key': '_allergen_ids', 'value': []}, {'id': 2823860, 'key': '_warranty_attachment_id', 'value': ''}, {'id': 2823861, 'key': '_min_age', 'value': ''}, {'id': 2823862, 'key': '_ts_gtin', 'value': ''}, {'id': 2823863, 'key': '_ts_mpn', 'value': ''}, {'id': 2823864, 'key': '_delivery_time_countries', 'value': []}, {'id': 2823865, 'key': '_free_shipping', 'value': 'no'}, {'id': 2823866, 'key': '_service', 'value': 'no'}, {'id': 2823867, 'key': '_used_good', 'value': 'no'}, {'id': 2823868, 'key': '_defective_copy', 'value': 'no'}, {'id': 2823869, 'key': '_is_food', 'value': 'no'}, {'id': 2823870, 'key': '_differential_taxation', 'value': 'no'}, {'id': 2823871, 'key': '_gzd_version', 'value': '3.11.2'}, {'id': 2823872, 'key': '_hs_code', 'value': ''}, {'id': 2823873, 'key': '_manufacture_country', 'value': '0'}, {'id': 2823874, 'key': '_rank_math_gtin_code', 'value': ''}, {'id': 2823877, 'key': 'banner_single', 'value': ''}, {'id': 2823878, 'key': '_banner_single', 'value': 'field_62184dc85c9c9'}, {'id': 2823879, 'key': 'banner_single_mobile', 'value': ''}, {'id': 2823880, 'key': '_banner_single_mobile', 'value': 'field_621e2f5fc5eda'}, {'id': 2823881, 'key': 'text_sale_%', 'value': ''}, {'id': 2823882, 'key': '_text_sale_%', 'value': 'field_6218529acc977'}, {'id': 2823883, 'key': 'sale_%', 'value': ''}, {'id': 2823884, 'key': '_sale_%', 'value': 'field_621851ef65179'}, {'id': 2823885, 'key': 'inline_featured_image', 'value': '0'}, {'id': 2823886, 'key': 'rank_math_internal_links_processed', 'value': '1'}, {'id': 2823887, 'key': 'rank_math_primary_product_cat', 'value': '0'}, {'id': 2823888, 'key': 'rank_math_analytic_object_id', 'value': '1555'}, {'id': 2823890, 'key': 'rank_math_robots', 'value': ['noindex']}]",instock,False,,0,[],"{'base': '', 'product': '', 'price_auto': False, 'price': '', 'price_regular': '', 'price_sale': '', 'price_html': ''}",,,,,,[],[],[],[],False,False,False,False,False,False,"{'deposit_type': [], 'deposit_quantity': 1, 'deposit': 0, 'ingredients': '', 'nutrient_reference_value': '', 'nutri_score': '', 'alcohol_content': '', 'allergen_ids': [], 'nutrient_ids': [{'term': 0, 'value': '', 'ref_value': ''}], 'net_filling_quantity': '', 'drained_weight': '', 'description': '', 'distributor': '', 'place_of_origin': ''}","{'self': [{'href': 'https://hanfpost.ch/wp-json/wc/v3/products/166601'}], 'collection': [{'href': 'https://hanfpost.ch/wp-json/wc/v3/products'}]}",CBD Öl,,,,
1,1,1,166599,"APPLE iPad Wi-Fi 2021 9th Gen (10.2"", 64 GB, Space Grau)",,https://hanfpost.ch/?post_type=product&p=166599,,,2022-12-01T13:25:23,2022-12-01T12:25:23,simple,draft,False,visible,,,,,,,,,,,False,False,0,False,False,[],-1,-1,,,taxable,,False,,no,False,False,,False,,"{'length': '', 'width': '', 'height': ''}",True,True,,0,True,0.0,0,[],[],0,,[],[],[],[],[],[],[],0,,[],"[{'id': 2823816, 'key': '_wt_product_coupon', 'value': ''}, {'id': 2826656, 'key': '_stock_cachetime', 'value': '1670227141'}, {'id': 2826657, 'key': '_stock_info', 'value': 'unavailable'}]",outofstock,False,,CH,[],"{'base': '', 'product': '', 'price_auto': False, 'price': '', 'price_regular': '', 'price_sale': '', 'price_html': ''}",,,,,,[],[],[],[],False,False,False,False,False,False,"{'deposit_type': [], 'deposit_quantity': 1, 'deposit': 0, 'ingredients': '', 'nutrient_reference_value': '', 'nutri_score': '', 'alcohol_content': '', 'allergen_ids': [], 'nutrient_ids': [{'term': 0, 'value': '', 'ref_value': ''}], 'net_filling_quantity': '', 'drained_weight': '', 'description': '', 'distributor': '', 'place_of_origin': ''}","{'self': [{'href': 'https://hanfpost.ch/wp-json/wc/v3/products/166599'}], 'collection': [{'href': 'https://hanfpost.ch/wp-json/wc/v3/products'}]}",,,,,
2,2,2,166424,Jilter Filter Hanfpost - 42Stk.,jilter-filter-hanfpost-42stk,https://hanfpost.ch/jilter-filter-hanfpost-42stk/,2022-11-28T13:45:53,2022-11-28T12:45:53,2022-12-08T22:36:32,2022-12-08T21:36:32,simple,publish,False,visible,"<div id=""product-desc-14170929424"" class=""cc-shop-product-desc"">
<h2 class=""fn"">Jilter Filter Hanfpost - 42Stk.</h2>
</div>
<div id=""cc-shop-product-desc-text-14679605324"" class=""description"">
<p>42 Stk.</p>
<p>Die Jilter Zetklick-Box gibt es aktuell in der Hanfpost.ch Edition :).</p>
</div>
<p>&nbsp;</p>
",,200.11,1.8,1.8,,,,,,False,True,1,False,False,[],-1,-1,,,taxable,,True,2012.0,no,False,False,,False,,"{'length': '', 'width': '', 'height': ''}",True,True,,0,True,0.0,0,[],[],0,,"[{'id': 64, 'name': 'Filter', 'slug': 'filter'}]",[],"[{'id': 166425, 'date_created': '2022-11-28T14:49:33', 'date_created_gmt': '2022-11-28T12:49:33', 'date_modified': '2022-11-28T14:49:37', 'date_modified_gmt': '2022-11-28T12:49:37', 'src': 'https://hanfpost.ch/wp-content/uploads/2022/11/Jilter-Filter-Hanfpost-42Stk..jpg', 'name': 'Jilter Filter Hanfpost &#8211; 42Stk.', 'alt': 'Jilter Filter Hanfpost - 42Stk.'}]","[{'id': 5, 'name': 'Groesse', 'position': 0, 'visible': True, 'variation': True, 'options': ['Big', 'Medium']}]",[],[],[],598,"<span class=""woocommerce-Price-amount amount""><bdi>1,80&nbsp;<span class=""woocommerce-Price-currencySymbol"">&#67;&#72;&#70;</span></bdi></span>","[129063, 128967, 129002, 128507, 128567]","[{'id': 2813227, 'key': 'rank_math_internal_links_processed', 'value': '1'}, {'id': 2813248, 'key': '_stock_cachetime', 'value': '1670535392'}, {'id': 2813249, 'key': '_wpas_done_all', 'value': '1'}, {'id': 2813250, 'key': 'wc_productdata_options', 'value': [{'_product_block': '0', '_top_content': '', '_bottom_content': '', '_bubble_new': '', '_bubble_text': '', '_custom_tab_title': '', '_custom_tab': '', '_product_video': '', '_product_video_size': '', '_product_video_placement': ''}]}, {'id': 2813251, 'key': '_bulkdiscount_text_info', 'value': ''}, {'id': 2813252, 'key': '_bulkdiscount_enabled', 'value': 'yes'}, {'id': 2813253, 'key': '_bulkdiscount_quantity_1', 'value': ''}, {'id': 2813254, 'key': '_bulkdiscount_discount_1', 'value': ''}, {'id': 2813255, 'key': '_bulkdiscount_quantity_2', 'value': ''}, {'id': 2813256, 'key': '_bulkdiscount_discount_2', 'value': ''}, {'id': 2813257, 'key': '_bulkdiscount_quantity_3', 'value': ''}, {'id': 2813258, 'key': '_bulkdiscount_discount_3', 'value': ''}, {'id': 2813259, 'key': '_bulkdiscount_quantity_4', 'value': ''}, {'id': 2813260, 'key': '_bulkdiscount_discount_4', 'value': ''}, {'id': 2813261, 'key': '_bulkdiscount_quantity_5', 'value': ''}, {'id': 2813262, 'key': '_bulkdiscount_discount_5', 'value': ''}, {'id': 2813263, 'key': '_yoast_wpseo_primary_product_cat', 'value': '2945'}, {'id': 2813264, 'key': '_yoast_wpseo_focuskw_text_input', 'value': 'Jilter Zetklick-Box'}, {'id': 2813265, 'key': '_yoast_wpseo_focuskw', 'value': 'Jilter Zetklick-Box'}, {'id': 2813266, 'key': '_yoast_wpseo_title', 'value': 'Jilter Zetklick-Box | CBD Hanföl im Onlineshop bestellen'}, {'id': 2813267, 'key': '_yoast_wpseo_metadesc', 'value': 'Jilter Zetklick-Box | Schnelle Lieferung. Hanföl, Hanftropfen oder CBD Blüten findest du bei uns im Onlineshop!'}, {'id': 2813268, 'key': '_yoast_wpseo_linkdex', 'value': '44'}, {'id': 2813269, 'key': '_yoast_wpseo_content_score', 'value': '60'}, {'id': 2813270, 'key': 'sd_payments', 'value': []}, {'id': 2813271, 'key': '_stock_cachetime', 'value': '1670535392'}, {'id': 2813272, 'key': '_stock_info', 'value': 'normal'}, {'id': 2813273, 'key': '_yst_prominent_words_version', 'value': '1'}, {'id': 2813274, 'key': '_wpml_media_has_media', 'value': '1'}, {'id': 2813275, 'key': 'wpil_sync_report3', 'value': '1'}, {'id': 2813276, 'key': 'wpil_links_inbound_internal_count', 'value': '0'}, {'id': 2813277, 'key': 'wpil_links_inbound_internal_count_data', 'value': []}, {'id': 2813278, 'key': 'wpil_links_outbound_internal_count', 'value': '0'}, {'id': 2813279, 'key': 'wpil_links_outbound_internal_count_data', 'value': []}, {'id': 2813280, 'key': 'wpil_links_outbound_external_count', 'value': '0'}, {'id': 2813281, 'key': 'wpil_links_outbound_external_count_data', 'value': []}, {'id': 2813282, 'key': 'wpil_sync_report2_time', 'value': '2020-12-19T12:28:51+00:00'}, {'id': 2813283, 'key': 'wholesale_customer_wholesale_price', 'value': ''}, {'id': 2813284, 'key': 'wholesale_customer_wholesale_minimum_order_quantity', 'value': ''}, {'id': 2813285, 'key': 'wholesale_customer_wholesale_order_quantity_step', 'value': ''}, {'id': 2813286, 'key': 'wwpp_post_meta_enable_quantity_discount_rule', 'value': ''}, {'id': 2813287, 'key': 'pf_swissbilling_product_category', 'value': 'none'}, {'id': 2813288, 'key': '_ts_gtin', 'value': ''}, {'id': 2813289, 'key': '_ts_mpn', 'value': ''}, {'id': 2813290, 'key': 'wwpp_ignore_cat_level_wholesale_discount', 'value': 'no'}, {'id': 2813291, 'key': 'wwpp_ignore_role_level_wholesale_discount', 'value': 'no'}, {'id': 2813292, 'key': 'wwpp_product_hash', 'value': '60784aa4945d03.26673021'}, {'id': 2813293, 'key': '_yoast_wpseo_focuskeywords', 'value': '[]'}, {'id': 2813294, 'key': '_yoast_wpseo_keywordsynonyms', 'value': '[""""]'}, {'id': 2813295, 'key': '_yoast_wpseo_estimated-reading-time-minutes', 'value': '1'}, {'id': 2813296, 'key': 'cat_footer_have_wholesale_price', 'value': 'no'}, {'id': 2813297, 'key': 'wwpp_product_wholesale_visibility_filter', 'value': 'all'}, {'id': 2813298, 'key': '_wcct_goaldeal_99927_1618524000_1619042400', 'value': {'quantity': 8, 'type': 'custom', 'campaign_id': 99927}}, {'id': 2813299, 'key': '_wcct_goaldeal_stock_99927_1618524000_1619042400', 'value': 'yes'}, {'id': 2813300, 'key': 'rank_math_internal_links_processed', 'value': '1'}, {'id': 2813302, 'key': '_delivery_time_countries', 'value': []}, {'id': 2813309, 'key': 'rank_math_seo_score', 'value': '68'}, {'id': 2813311, 'key': '_ywpc_enabled', 'value': 'no'}, {'id': 2813312, 'key': '_ywpc_sale_price_dates_from', 'value': ''}, {'id': 2813313, 'key': '_ywpc_sale_price_dates_to', 'value': ''}, {'id': 2813314, 'key': '_ywpc_sold_qty', 'value': '0'}, {'id': 2813315, 'key': '_ywpc_discount_qty', 'value': '0'}, {'id': 2813316, 'key': '_unit', 'value': ''}, {'id': 2813317, 'key': '_unit_base', 'value': ''}, {'id': 2813318, 'key': '_unit_product', 'value': ''}, {'id': 2813319, 'key': '_unit_price_auto', 'value': 'no'}, {'id': 2813320, 'key': '_unit_price_regular', 'value': ''}, {'id': 2813321, 'key': '_unit_price', 'value': ''}, {'id': 2813322, 'key': '_unit_price_sale', 'value': ''}, {'id': 2813323, 'key': '_sale_price_label', 'value': ''}, {'id': 2813324, 'key': '_sale_price_regular_label', 'value': ''}, {'id': 2813325, 'key': '_mini_desc', 'value': ''}, {'id': 2813326, 'key': '_defect_description', 'value': ''}, {'id': 2813327, 'key': '_allergen_ids', 'value': []}, {'id': 2813328, 'key': '_warranty_attachment_id', 'value': ''}, {'id': 2813329, 'key': '_min_age', 'value': ''}, {'id': 2813330, 'key': '_free_shipping', 'value': 'no'}, {'id': 2813331, 'key': '_service', 'value': 'no'}, {'id': 2813332, 'key': '_used_good', 'value': 'no'}, {'id': 2813333, 'key': '_defective_copy', 'value': 'no'}, {'id': 2813334, 'key': '_is_food', 'value': 'no'}, {'id': 2813335, 'key': '_differential_taxation', 'value': 'no'}, {'id': 2813336, 'key': '_gzd_version', 'value': '3.11.0'}, {'id': 2813337, 'key': '_hs_code', 'value': ''}, {'id': 2813338, 'key': '_manufacture_country', 'value': '0'}, {'id': 2813339, 'key': '_rank_math_gtin_code', 'value': ''}, {'id': 2813340, 'key': 'banner_single', 'value': ''}, {'id': 2813341, 'key': '_banner_single', 'value': 'field_62184dc85c9c9'}, {'id': 2813342, 'key': 'banner_single_mobile', 'value': ''}, {'id': 2813343, 'key': '_banner_single_mobile', 'value': 'field_621e2f5fc5eda'}, {'id': 2813344, 'key': 'text_sale_%', 'value': ''}, {'id': 2813345, 'key': '_text_sale_%', 'value': 'field_6218529acc977'}, {'id': 2813346, 'key': 'sale_%', 'value': ''}, {'id': 2813347, 'key': '_sale_%', 'value': 'field_621851ef65179'}, {'id': 2813348, 'key': 'inline_featured_image', 'value': '0'}, {'id': 2813349, 'key': 'rank_math_primary_product_cat', 'value': '0'}, {'id': 2813353, 'key': 'rank_math_focus_keyword', 'value': 'Jilter Filter Hanfpost - 42Stk.'}, {'id': 2813354, 'key': 'rank_math_title', 'value': 'Hanfpost.ch Jilter Filter Hanfpost - 42Stk.'}, {'id': 2813355, 'key': 'rank_math_description', 'value': 'Jilter Filter Hanfpost - 42Stk. - Jetzt neu und nur auf Hanfpost.ch erhältlich.\nCheckt unseren Store aus.'}, {'id': 2813356, 'key': 'rank_math_analytic_object_id', 'value': '1542'}]",instock,False,,0,[],"{'base': '', 'product': '', 'price_auto': False, 'price': '', 'price_regular': '', 'price_sale': '', 'price_html': ''}",,,,,,[],[],[],[],False,False,False,False,False,False,"{'deposit_type': [], 'deposit_quantity': 1, 'deposit': 0, 'ingredients': '', 'nutrient_reference_value': '', 'nutri_score': '', 'alcohol_content': '', 'allergen_ids': [], 'nutrient_ids': [{'term': 0, 'value': '', 'ref_value': ''}], 'net_filling_quantity': '', 'drained_weight': '', 'description': '', 'distributor': '', 'place_of_origin': ''}","{'self': [{'href': 'https://hanfpost.ch/wp-json/wc/v3/products/166424'}], 'collection': [{'href': 'https://hanfpost.ch/wp-json/wc/v3/products'}]}",Filter,,,,
3,3,3,165629,RAW Connoisseur Classic King Size Slim + Prerolled Tips,raw-connoisseur-classic-king-size-slim-prerolled-tips,https://hanfpost.ch/raw-connoisseur-classic-king-size-slim-prerolled-tips/,2022-11-23T13:08:21,2022-11-23T12:08:21,2022-12-08T22:47:08,2022-12-08T21:47:08,simple,publish,False,visible,"<h2 class=""fn"">RAW Connoisseur Classic King Size Slim + Prerolled Tips</h2>
<p>RAW Connoisseur KS Slim, 1 Heft à 32 Blatt + 24 Tips pro Heft</p>
<h2><span style=""color: #6aa03b;"">Zusätzliche Informationen:</span></h2>
<ul>
<li>RAW Connoisseur Zigarettenpapier King Size Slim mit vorgerollten Tips</li>
<li>Ungebleichtes, reines Hanfpapier</li>
<li>100% natürlich und vegan</li>
<li>32 Blatt + 24 Tips pro Heft</li>
</ul>
<p>&nbsp;</p>
<p>&nbsp;</p>
","<p>Papes und vorgerollte Tips</p>
",70.116,2.0,2.0,,,,,,False,True,2,False,False,[],-1,-1,,,taxable,,True,142.0,no,False,False,,False,,"{'length': '', 'width': '', 'height': ''}",True,True,,0,True,0.0,0,[],[],0,,"[{'id': 42, 'name': 'Papers', 'slug': 'papers'}]",[],"[{'id': 165631, 'date_created': '2022-11-23T14:11:27', 'date_created_gmt': '2022-11-23T12:11:27', 'date_modified': '2022-11-23T14:11:32', 'date_modified_gmt': '2022-11-23T12:11:32', 'src': 'https://hanfpost.ch/wp-content/uploads/2022/11/RAW-Connoisseur-Classic-King-Size-Slim-Prerolled-Tips.jpg', 'name': 'RAW Connoisseur Classic King Size Slim + Prerolled Tips', 'alt': 'RAW Connoisseur Classic King Size Slim + Prerolled Tips'}]","[{'id': 2, 'name': 'Box', 'position': 0, 'visible': True, 'variation': True, 'options': ['Box', 'Einzel']}]",[],[],[],475,"<span class=""woocommerce-Price-amount amount""><bdi>2,00&nbsp;<span class=""woocommerce-Price-currencySymbol"">&#67;&#72;&#70;</span></bdi></span>","[126905, 126689, 128938, 128661, 126745]","[{'id': 2771407, 'key': 'rank_math_internal_links_processed', 'value': '1'}, {'id': 2771429, 'key': '_stock_cachetime', 'value': '1670536028'}, {'id': 2771430, 'key': '_wpas_done_all', 'value': '1'}, {'id': 2771431, 'key': 'wc_productdata_options', 'value': [{'_product_block': '0', '_top_content': '', '_bottom_content': '', '_bubble_new': '', '_bubble_text': '', '_custom_tab_title': '', '_custom_tab': '', '_product_video': '', '_product_video_size': '', '_product_video_placement': ''}]}, {'id': 2771432, 'key': '_bulkdiscount_text_info', 'value': ''}, {'id': 2771433, 'key': '_bulkdiscount_enabled', 'value': 'yes'}, {'id': 2771434, 'key': '_bulkdiscount_quantity_1', 'value': ''}, {'id': 2771435, 'key': '_bulkdiscount_discount_1', 'value': ''}, {'id': 2771436, 'key': '_bulkdiscount_quantity_2', 'value': ''}, {'id': 2771437, 'key': '_bulkdiscount_discount_2', 'value': ''}, {'id': 2771438, 'key': '_bulkdiscount_quantity_3', 'value': ''}, {'id': 2771439, 'key': '_bulkdiscount_discount_3', 'value': ''}, {'id': 2771440, 'key': '_bulkdiscount_quantity_4', 'value': ''}, {'id': 2771441, 'key': '_bulkdiscount_discount_4', 'value': ''}, {'id': 2771442, 'key': '_bulkdiscount_quantity_5', 'value': ''}, {'id': 2771443, 'key': '_bulkdiscount_discount_5', 'value': ''}, {'id': 2771444, 'key': '_yoast_wpseo_primary_product_cat', 'value': '2813'}, {'id': 2771445, 'key': '_yoast_wpseo_focuskw_text_input', 'value': 'CBD kaufen, Hanf Öl, CBD Stecklinge'}, {'id': 2771446, 'key': '_yoast_wpseo_focuskw', 'value': 'Gizeh Black King Size Slim - Pink Edition'}, {'id': 2771447, 'key': '_yoast_wpseo_title', 'value': 'Gizeh Black King Size Slim - Pink Edition - Jetzt auf hanfpost.ch'}, {'id': 2771448, 'key': '_yoast_wpseo_metadesc', 'value': 'Gizeh Black King Size Slim - Pink Edition, CBD Stecklinge - jetzt bequem auf Rechnung kaufen! CBD Hanf, CBD Blüten, CBD Öl, CBD Onlineshop,'}, {'id': 2771449, 'key': '_yoast_wpseo_linkdex', 'value': '54'}, {'id': 2771450, 'key': '_yoast_wpseo_content_score', 'value': '90'}, {'id': 2771451, 'key': '_yst_prominent_words_version', 'value': '1'}, {'id': 2771452, 'key': 'wwpp_post_meta_enable_quantity_discount_rule', 'value': ''}, {'id': 2771453, 'key': 'bexio_account_product', 'value': '0'}, {'id': 2771454, 'key': 'wholesale_customer_wholesale_price', 'value': ''}, {'id': 2771455, 'key': 'wholesale_customer_wholesale_minimum_order_quantity', 'value': ''}, {'id': 2771456, 'key': 'wwpp_ignore_cat_level_wholesale_discount', 'value': 'no'}, {'id': 2771457, 'key': 'wwpp_ignore_role_level_wholesale_discount', 'value': 'no'}, {'id': 2771458, 'key': 'wwpp_product_hash', 'value': '61f11d7272e448.36164407'}, {'id': 2771459, 'key': '_yoast_wpseo_focuskeywords', 'value': '[]'}, {'id': 2771460, 'key': '_yoast_wpseo_keywordsynonyms', 'value': '[""""]'}, {'id': 2771461, 'key': '_stock_cachetime', 'value': '1670536028'}, {'id': 2771462, 'key': '_stock_info', 'value': 'normal'}, {'id': 2771463, 'key': 'wholesale_customer_wholesale_order_quantity_step', 'value': ''}, {'id': 2771464, 'key': '_wpml_media_has_media', 'value': '1'}, {'id': 2771465, 'key': 'wpil_sync_report3', 'value': '1'}, {'id': 2771466, 'key': 'wpil_links_inbound_internal_count', 'value': '0'}, {'id': 2771467, 'key': 'wpil_links_inbound_internal_count_data', 'value': []}, {'id': 2771468, 'key': 'wpil_links_outbound_internal_count', 'value': '0'}, {'id': 2771469, 'key': 'wpil_links_outbound_internal_count_data', 'value': []}, {'id': 2771470, 'key': 'wpil_links_outbound_external_count', 'value': '0'}, {'id': 2771471, 'key': 'wpil_links_outbound_external_count_data', 'value': []}, {'id': 2771472, 'key': 'wpil_sync_report2_time', 'value': '2021-01-08T14:07:27+00:00'}, {'id': 2771473, 'key': 'pf_swissbilling_product_category', 'value': 'none'}, {'id': 2771474, 'key': '_ts_gtin', 'value': ''}, {'id': 2771475, 'key': '_ts_mpn', 'value': ''}, {'id': 2771476, 'key': 'gtin_ean', 'value': ''}, {'id': 2771477, 'key': '_gtin_ean', 'value': 'field_5f2ad52ca675c'}, {'id': 2771478, 'key': 'gx_marke', 'value': ''}, {'id': 2771479, 'key': '_gx_marke', 'value': 'field_5f2adbd253734'}, {'id': 2771480, 'key': 'gx_product_category', 'value': ''}, {'id': 2771481, 'key': '_gx_product_category', 'value': 'field_5f2adc0653735'}, {'id': 2771482, 'key': 'gx_weight', 'value': ''}, {'id': 2771483, 'key': '_gx_weight', 'value': 'field_5f2adc2353736'}, {'id': 2771484, 'key': 'gx_mwst', 'value': ''}, {'id': 2771485, 'key': '_gx_mwst', 'value': 'field_5f2adc7353737'}, {'id': 2771486, 'key': '_yoast_wpseo_estimated-reading-time-minutes', 'value': '1'}, {'id': 2771487, 'key': 'cat_footer_have_wholesale_price', 'value': 'no'}, {'id': 2771488, 'key': '_wcct_goaldeal_99927_1618524000_1619042400', 'value': {'quantity': 8, 'type': 'custom', 'campaign_id': 99927}}, {'id': 2771489, 'key': '_wcct_goaldeal_stock_99927_1618524000_1619042400', 'value': 'yes'}, {'id': 2771490, 'key': '_ywpc_enabled', 'value': 'no'}, {'id': 2771491, 'key': '_ywpc_sale_price_dates_from', 'value': ''}, {'id': 2771492, 'key': '_ywpc_sale_price_dates_to', 'value': ''}, {'id': 2771493, 'key': '_ywpc_sold_qty', 'value': '0'}, {'id': 2771494, 'key': '_ywpc_discount_qty', 'value': '0'}, {'id': 2771495, 'key': 'wholesale_customer_have_wholesale_price', 'value': 'no'}, {'id': 2771496, 'key': 'wwpp_product_wholesale_visibility_filter', 'value': 'all'}, {'id': 2771497, 'key': 'rank_math_internal_links_processed', 'value': '1'}, {'id': 2771498, 'key': 'rank_math_auto_redirect', 'value': [85]}, {'id': 2771499, 'key': 'rank_math_seo_score', 'value': '74'}, {'id': 2771500, 'key': 'rank_math_focus_keyword', 'value': 'RAW Connoisseur Classic King Size Slim + Prerolled Tips'}, {'id': 2771501, 'key': 'rank_math_title', 'value': 'Hanfpost.ch RAW Connoisseur Classic King Size Slim + Prerolled Tips'}, {'id': 2771502, 'key': 'rank_math_description', 'value': 'RAW Connoisseur Classic King Size Slim + Prerolled Tips - Sie sind Pink und bei uns erhältlich auf Hanfpost.ch'}, {'id': 2771504, 'key': '_unit', 'value': ''}, {'id': 2771505, 'key': '_unit_base', 'value': ''}, {'id': 2771506, 'key': '_unit_product', 'value': ''}, {'id': 2771507, 'key': '_unit_price_auto', 'value': 'no'}, {'id': 2771508, 'key': '_unit_price_regular', 'value': ''}, {'id': 2771509, 'key': '_unit_price', 'value': ''}, {'id': 2771510, 'key': '_unit_price_sale', 'value': ''}, {'id': 2771511, 'key': '_sale_price_label', 'value': ''}, {'id': 2771512, 'key': '_sale_price_regular_label', 'value': ''}, {'id': 2771513, 'key': '_mini_desc', 'value': ''}, {'id': 2771514, 'key': '_defect_description', 'value': ''}, {'id': 2771515, 'key': '_allergen_ids', 'value': []}, {'id': 2771516, 'key': '_warranty_attachment_id', 'value': ''}, {'id': 2771517, 'key': '_min_age', 'value': ''}, {'id': 2771518, 'key': '_delivery_time_countries', 'value': []}, {'id': 2771519, 'key': '_free_shipping', 'value': 'no'}, {'id': 2771520, 'key': '_service', 'value': 'no'}, {'id': 2771521, 'key': '_used_good', 'value': 'no'}, {'id': 2771522, 'key': '_defective_copy', 'value': 'no'}, {'id': 2771523, 'key': '_is_food', 'value': 'no'}, {'id': 2771524, 'key': '_differential_taxation', 'value': 'no'}, {'id': 2771525, 'key': '_gzd_version', 'value': '3.11.0'}, {'id': 2771526, 'key': '_hs_code', 'value': ''}, {'id': 2771527, 'key': '_manufacture_country', 'value': '0'}, {'id': 2771528, 'key': '_rank_math_gtin_code', 'value': ''}, {'id': 2771529, 'key': 'banner_single', 'value': ''}, {'id': 2771530, 'key': '_banner_single', 'value': 'field_62184dc85c9c9'}, {'id': 2771531, 'key': 'banner_single_mobile', 'value': ''}, {'id': 2771532, 'key': '_banner_single_mobile', 'value': 'field_621e2f5fc5eda'}, {'id': 2771533, 'key': 'text_sale_%', 'value': ''}, {'id': 2771534, 'key': '_text_sale_%', 'value': 'field_6218529acc977'}, {'id': 2771535, 'key': 'sale_%', 'value': ''}, {'id': 2771536, 'key': '_sale_%', 'value': 'field_621851ef65179'}, {'id': 2771537, 'key': 'inline_featured_image', 'value': '0'}, {'id': 2771538, 'key': 'rank_math_primary_product_cat', 'value': '0'}, {'id': 2771539, 'key': 'rank_math_analytic_object_id', 'value': '1483'}]",instock,False,,0,[],"{'base': '', 'product': '', 'price_auto': False, 'price': '', 'price_regular': '', 'price_sale': '', 'price_html': ''}",,,,,,[],[],[],[],False,False,False,False,False,False,"{'deposit_type': [], 'deposit_quantity': 1, 'deposit': 0, 'ingredients': '', 'nutrient_reference_value': '', 'nutri_score': '', 'alcohol_content': '', 'allergen_ids': [], 'nutrient_ids': [{'term': 0, 'value': '', 'ref_value': ''}], 'net_filling_quantity': '', 'drained_weight': '', 'description': '', 'distributor': '', 'place_of_origin': ''}","{'self': [{'href': 'https://hanfpost.ch/wp-json/wc/v3/products/165629'}], 'collection': [{'href': 'https://hanfpost.ch/wp-json/wc/v3/products'}]}",Papers,,,,
4,4,4,165627,Big Bag Outdoor - 250 g,big-bag-outdoor-250-g,https://hanfpost.ch/big-bag-outdoor-250-g/,2022-11-23T13:03:22,2022-11-23T12:03:22,2022-12-08T22:47:12,2022-12-08T21:47:12,simple,publish,False,visible,"<h2>Big Bag Outdoor - 250 g</h2>
<div>
<div id=""shopify-section-product-template"" class=""shopify-section"">
<div id=""ProductSection-product-template"" class=""product-template__container page-width"" data-section-id=""product-template"" data-section-type=""product"" data-enable-history-state=""true"" data-ajax-enabled=""true"">
<div class=""grid product-single product-single--medium-media"">
<div class=""grid__item medium-up--one-half"">
<div class=""product-single__description rte"">
<p>Organic Quality - Das Big Bag Outdoor CBD überzeugt mit 100% organischem Anbau und ist sogar BIO Zertifiziert.</p>
</div>
</div>
</div>
</div>
</div>
</div>
<div>Indoor / THC: &lt; 1% / CBD: &lt; 18%</div>
","<p>Indoor / THC: &lt; 1% / CBD: &lt; 18%</p>
",40.047,120.0,120.0,,,,,,False,True,1,False,False,[],-1,-1,,,taxable,ermaessigter-steuersatz,True,4.0,no,False,False,,False,,"{'length': '', 'width': '', 'height': ''}",True,True,,0,True,0.0,0,[],[],0,,"[{'id': 50, 'name': 'CBD Blüten Schweiz', 'slug': 'cbd-bluten-schweiz'}, {'id': 51, 'name': 'Outdoor', 'slug': 'outdoor'}]",[],"[{'id': 165738, 'date_created': '2022-11-24T11:03:25', 'date_created_gmt': '2022-11-24T09:03:25', 'date_modified': '2022-11-24T11:03:29', 'date_modified_gmt': '2022-11-24T09:03:29', 'src': 'https://hanfpost.ch/wp-content/uploads/2022/11/The-BigBag-250-G.jpg', 'name': 'The BigBag 250 G', 'alt': 'The BigBag 250 G'}]","[{'id': 4, 'name': 'Menge', 'position': 1, 'visible': True, 'variation': False, 'options': ['10 Gramm']}]",[],[],[],180,"<span class=""woocommerce-Price-amount amount""><bdi>120,00&nbsp;<span class=""woocommerce-Price-currencySymbol"">&#67;&#72;&#70;</span></bdi></span>","[129155, 129157, 129153, 155428, 129273]","[{'id': 2771255, 'key': 'rank_math_internal_links_processed', 'value': '1'}, {'id': 2771275, 'key': '_stock_cachetime', 'value': '1670536032'}, {'id': 2771276, 'key': 'rank_math_internal_links_processed', 'value': '1'}, {'id': 2771277, 'key': '_stock_cachetime', 'value': '1670536032'}, {'id': 2771278, 'key': 'rank_math_internal_links_processed', 'value': '1'}, {'id': 2771279, 'key': '_stock_cachetime', 'value': '1670536032'}, {'id': 2771280, 'key': 'rank_math_internal_links_processed', 'value': '1'}, {'id': 2771281, 'key': '_stock_cachetime', 'value': '1670536032'}, {'id': 2771282, 'key': 'rank_math_internal_links_processed', 'value': '1'}, {'id': 2771283, 'key': '_stock_cachetime', 'value': '1670536032'}, {'id': 2771284, 'key': 'rank_math_internal_links_processed', 'value': '1'}, {'id': 2771285, 'key': '_stock_cachetime', 'value': '1670536032'}, {'id': 2771286, 'key': 'rank_math_internal_links_processed', 'value': '1'}, {'id': 2771287, 'key': '_stock_cachetime', 'value': '1670536032'}, {'id': 2771288, 'key': 'rank_math_internal_links_processed', 'value': '1'}, {'id': 2771289, 'key': '_stock_cachetime', 'value': '1670536032'}, {'id': 2771290, 'key': '_bulkdiscount_text_info', 'value': ''}, {'id': 2771291, 'key': '_bulkdiscount_enabled', 'value': 'yes'}, {'id': 2771292, 'key': '_bulkdiscount_quantity_1', 'value': ''}, {'id': 2771293, 'key': '_bulkdiscount_discount_1', 'value': ''}, {'id': 2771294, 'key': '_bulkdiscount_quantity_2', 'value': ''}, {'id': 2771295, 'key': '_bulkdiscount_discount_2', 'value': ''}, {'id': 2771296, 'key': '_bulkdiscount_quantity_3', 'value': ''}, {'id': 2771297, 'key': '_bulkdiscount_discount_3', 'value': ''}, {'id': 2771298, 'key': '_bulkdiscount_quantity_4', 'value': ''}, {'id': 2771299, 'key': '_bulkdiscount_discount_4', 'value': ''}, {'id': 2771300, 'key': '_bulkdiscount_quantity_5', 'value': ''}, {'id': 2771301, 'key': '_bulkdiscount_discount_5', 'value': ''}, {'id': 2771302, 'key': 'wc_productdata_options', 'value': [{'_product_block': '0', '_top_content': '', '_bottom_content': '', '_bubble_new': '', '_bubble_text': '', '_custom_tab_title': '', '_custom_tab': '', '_product_video': '', '_product_video_size': '', '_product_video_placement': ''}]}, {'id': 2771303, 'key': '_yoast_wpseo_primary_product_cat', 'value': '2779'}, {'id': 2771304, 'key': '_yoast_wpseo_focuskw_text_input', 'value': 'Mary Blue-Dream Indoor 3g'}, {'id': 2771305, 'key': '_yoast_wpseo_focuskw', 'value': ""D'la Vaudoise - Strawberry 5g""}, {'id': 2771306, 'key': '_yoast_wpseo_metadesc', 'value': ""D'la Vaudoise - Strawberry 5g | Schnelle Lieferung. Hanföl, Hanftropfen oder CBD Blüten findest du bei uns im Onlineshop!""}, {'id': 2771307, 'key': '_yoast_wpseo_linkdex', 'value': '50'}, {'id': 2771308, 'key': '_yoast_wpseo_content_score', 'value': '90'}, {'id': 2771309, 'key': '_yoast_wpseo_title', 'value': ""D'la Vaudoise - Strawberry 5g | CBD Blüten online bestellen""}, {'id': 2771310, 'key': '_wpas_done_all', 'value': '1'}, {'id': 2771311, 'key': 'wholesale_customer_wholesale_price', 'value': ''}, {'id': 2771312, 'key': 'wholesale_customer_wholesale_minimum_order_quantity', 'value': ''}, {'id': 2771313, 'key': 'wholesale_customer_wholesale_order_quantity_step', 'value': ''}, {'id': 2771314, 'key': 'wwpp_ignore_cat_level_wholesale_discount', 'value': 'no'}, {'id': 2771315, 'key': 'wwpp_ignore_role_level_wholesale_discount', 'value': 'no'}, {'id': 2771316, 'key': 'wwpp_product_hash', 'value': '616d506d2d66e9.48396853'}, {'id': 2771317, 'key': '_stock_cachetime', 'value': '1670536032'}, {'id': 2771318, 'key': '_stock_info', 'value': 'normal'}, {'id': 2771319, 'key': '_yst_prominent_words_version', 'value': '1'}, {'id': 2771320, 'key': 'wwpp_post_meta_enable_quantity_discount_rule', 'value': ''}, {'id': 2771321, 'key': 'bexio_account_product', 'value': '0'}, {'id': 2771322, 'key': '_yoast_wpseo_focuskeywords', 'value': '[]'}, {'id': 2771323, 'key': '_yoast_wpseo_keywordsynonyms', 'value': '[""""]'}, {'id': 2771324, 'key': '_wpml_media_has_media', 'value': '1'}, {'id': 2771325, 'key': 'cat_footer_have_wholesale_price', 'value': 'no'}, {'id': 2771326, 'key': 'wpil_sync_report3', 'value': '1'}, {'id': 2771327, 'key': 'wpil_links_inbound_internal_count', 'value': '0'}, {'id': 2771328, 'key': 'wpil_links_inbound_internal_count_data', 'value': []}, {'id': 2771329, 'key': 'wpil_links_outbound_internal_count', 'value': '0'}, {'id': 2771330, 'key': 'wpil_links_outbound_internal_count_data', 'value': []}, {'id': 2771331, 'key': 'wpil_links_outbound_external_count', 'value': '0'}, {'id': 2771332, 'key': 'wpil_links_outbound_external_count_data', 'value': []}, {'id': 2771333, 'key': 'wpil_sync_report2_time', 'value': '2020-12-18T14:01:57+00:00'}, {'id': 2771334, 'key': 'pf_swissbilling_product_category', 'value': 'none'}, {'id': 2771335, 'key': '_ts_gtin', 'value': ''}, {'id': 2771336, 'key': '_ts_mpn', 'value': ''}, {'id': 2771337, 'key': '_yoast_wpseo_estimated-reading-time-minutes', 'value': '1'}, {'id': 2771338, 'key': '_wcct_goaldeal_99927_1618524000_1619042400', 'value': {'quantity': 8, 'type': 'custom', 'campaign_id': 99927}}, {'id': 2771339, 'key': '_wcct_goaldeal_stock_99927_1618524000_1619042400', 'value': 'yes'}, {'id': 2771340, 'key': '_ywpc_enabled', 'value': 'no'}, {'id': 2771341, 'key': '_ywpc_sale_price_dates_from', 'value': ''}, {'id': 2771342, 'key': '_ywpc_sale_price_dates_to', 'value': ''}, {'id': 2771343, 'key': '_ywpc_sold_qty', 'value': '0'}, {'id': 2771344, 'key': '_ywpc_discount_qty', 'value': '0'}, {'id': 2771345, 'key': '_yoast_post_redirect_info', 'value': {'origin': 'cbd-blueten/dla-vaudiose-strawberry-5g', 'target': 'cbd-blueten/dla-vaudoise-strawberry-5g', 'type': 301, 'format': 'plain'}}, {'id': 2771346, 'key': 'wwpp_product_wholesale_visibility_filter', 'value': 'all'}, {'id': 2771347, 'key': 'rank_math_internal_links_processed', 'value': '1'}, {'id': 2771348, 'key': '_default_delivery_time', 'value': ''}, {'id': 2771349, 'key': '_unit', 'value': ''}, {'id': 2771350, 'key': 'rank_math_seo_score', 'value': '66'}, {'id': 2771351, 'key': 'rank_math_focus_keyword', 'value': 'Big Bag Outdoor - 250 g'}, {'id': 2771352, 'key': 'rank_math_description', 'value': 'Hanfpost.ch Big Bag Outdoor - 250 g - Outdoor 6 g - Die natürlichen und handverlesenen Produkte direkt vom Hof - Jetzt neu nur bei uns auf Hanfpost.ch.'}, {'id': 2771353, 'key': '_unit_base', 'value': ''}, {'id': 2771354, 'key': '_unit_product', 'value': ''}, {'id': 2771355, 'key': '_unit_price_auto', 'value': 'no'}, {'id': 2771356, 'key': '_unit_price_regular', 'value': ''}, {'id': 2771357, 'key': '_unit_price', 'value': ''}, {'id': 2771358, 'key': '_unit_price_sale', 'value': ''}, {'id': 2771359, 'key': '_sale_price_label', 'value': ''}, {'id': 2771360, 'key': '_sale_price_regular_label', 'value': ''}, {'id': 2771361, 'key': '_mini_desc', 'value': ''}, {'id': 2771362, 'key': '_defect_description', 'value': ''}, {'id': 2771363, 'key': '_warranty_attachment_id', 'value': ''}, {'id': 2771364, 'key': '_min_age', 'value': ''}, {'id': 2771365, 'key': '_delivery_time_countries', 'value': []}, {'id': 2771366, 'key': '_free_shipping', 'value': 'no'}, {'id': 2771367, 'key': '_service', 'value': 'no'}, {'id': 2771368, 'key': '_used_good', 'value': 'no'}, {'id': 2771369, 'key': '_defective_copy', 'value': 'no'}, {'id': 2771370, 'key': '_is_food', 'value': 'no'}, {'id': 2771371, 'key': '_differential_taxation', 'value': 'no'}, {'id': 2771372, 'key': '_gzd_version', 'value': '3.11.0'}, {'id': 2771373, 'key': '_hs_code', 'value': ''}, {'id': 2771374, 'key': '_manufacture_country', 'value': '0'}, {'id': 2771375, 'key': '_rank_math_gtin_code', 'value': ''}, {'id': 2771376, 'key': 'banner_single', 'value': ''}, {'id': 2771377, 'key': '_banner_single', 'value': 'field_62184dc85c9c9'}, {'id': 2771378, 'key': 'banner_single_mobile', 'value': ''}, {'id': 2771379, 'key': '_banner_single_mobile', 'value': 'field_621e2f5fc5eda'}, {'id': 2771380, 'key': 'text_sale_%', 'value': ''}, {'id': 2771381, 'key': '_text_sale_%', 'value': 'field_6218529acc977'}, {'id': 2771382, 'key': 'sale_%', 'value': ''}, {'id': 2771383, 'key': '_sale_%', 'value': 'field_621851ef65179'}, {'id': 2771384, 'key': 'inline_featured_image', 'value': '0'}, {'id': 2771385, 'key': 'rank_math_primary_product_cat', 'value': '50'}, {'id': 2771386, 'key': 'rank_math_title', 'value': 'Hanfpost.ch Big Bag Outdoor - 250 g'}, {'id': 2771387, 'key': 'rank_math_auto_redirect', 'value': [56]}, {'id': 2771388, 'key': '_allergen_ids', 'value': []}, {'id': 2771389, 'key': 'rank_math_analytic_object_id', 'value': '1482'}]",instock,False,,0,[],"{'base': '', 'product': '', 'price_auto': False, 'price': '', 'price_regular': '', 'price_sale': '', 'price_html': ''}",,,,,,[],[],[],[],False,False,False,False,False,False,"{'deposit_type': [], 'deposit_quantity': 1, 'deposit': 0, 'ingredients': '', 'nutrient_reference_value': '', 'nutri_score': '', 'alcohol_content': '', 'allergen_ids': [], 'nutrient_ids': [{'term': 0, 'value': '', 'ref_value': ''}], 'net_filling_quantity': '', 'drained_weight': '', 'description': '', 'distributor': '', 'place_of_origin': ''}","{'self': [{'href': 'https://hanfpost.ch/wp-json/wc/v3/products/165627'}], 'collection': [{'href': 'https://hanfpost.ch/wp-json/wc/v3/products'}]}",CBD Blüten Schweiz,Outdoor,,10 Gramm,Menge
5,5,5,165614,Big Bag Outdoor - 100 g,big-bag-outdoor-100-g,https://hanfpost.ch/big-bag-outdoor-100-g/,2022-11-23T11:32:55,2022-11-23T10:32:55,2022-12-08T21:20:22,2022-12-08T20:20:22,simple,publish,False,visible,"<h2>Big Bag Outdoor - 100 g</h2>
<div>
<div id=""shopify-section-product-template"" class=""shopify-section"">
<div id=""ProductSection-product-template"" class=""product-template__container page-width"" data-section-id=""product-template"" data-section-type=""product"" data-enable-history-state=""true"" data-ajax-enabled=""true"">
<div class=""grid product-single product-single--medium-media"">
<div class=""grid__item medium-up--one-half"">
<div class=""product-single__description rte"">
<p>Organic Quality - Das Big Bag Outdoor CBD überzeugt mit 100% organischem Anbau und ist sogar BIO Zertifiziert.</p>
</div>
</div>
</div>
</div>
</div>
</div>
<div>Indoor / THC: &lt; 1% / CBD: &lt; 18%</div>
","<p>Indoor / THC: &lt; 1% / CBD: &lt; 18%</p>
",50.278,60.0,60.0,,,,,,False,True,1,False,False,[],-1,-1,,,taxable,ermaessigter-steuersatz,True,10.0,no,False,False,,False,,"{'length': '', 'width': '', 'height': ''}",True,True,,0,True,0.0,0,[],[],0,,"[{'id': 50, 'name': 'CBD Blüten Schweiz', 'slug': 'cbd-bluten-schweiz'}, {'id': 51, 'name': 'Outdoor', 'slug': 'outdoor'}]",[],"[{'id': 165739, 'date_created': '2022-11-24T11:03:41', 'date_created_gmt': '2022-11-24T09:03:41', 'date_modified': '2022-11-24T11:03:59', 'date_modified_gmt': '2022-11-24T09:03:59', 'src': 'https://hanfpost.ch/wp-content/uploads/2022/11/The-BigBag-100-G.jpg', 'name': 'The BigBag 100 G', 'alt': 'The BigBag 100 G'}]","[{'id': 4, 'name': 'Menge', 'position': 1, 'visible': True, 'variation': False, 'options': ['10 Gramm']}]",[],[],[],180,"<span class=""woocommerce-Price-amount amount""><bdi>60,00&nbsp;<span class=""woocommerce-Price-currencySymbol"">&#67;&#72;&#70;</span></bdi></span>","[129157, 129273, 129151, 129099, 129113]","[{'id': 2770596, 'key': 'rank_math_internal_links_processed', 'value': '1'}, {'id': 2770617, 'key': '_stock_cachetime', 'value': '1670530822'}, {'id': 2770618, 'key': 'rank_math_internal_links_processed', 'value': '1'}, {'id': 2770619, 'key': '_stock_cachetime', 'value': '1670530822'}, {'id': 2770620, 'key': 'rank_math_internal_links_processed', 'value': '1'}, {'id': 2770621, 'key': '_stock_cachetime', 'value': '1670530822'}, {'id': 2770622, 'key': 'rank_math_internal_links_processed', 'value': '1'}, {'id': 2770623, 'key': '_stock_cachetime', 'value': '1670530822'}, {'id': 2770624, 'key': 'rank_math_internal_links_processed', 'value': '1'}, {'id': 2770625, 'key': '_stock_cachetime', 'value': '1670530822'}, {'id': 2770626, 'key': 'rank_math_internal_links_processed', 'value': '1'}, {'id': 2770627, 'key': '_stock_cachetime', 'value': '1670530822'}, {'id': 2770628, 'key': 'rank_math_internal_links_processed', 'value': '1'}, {'id': 2770629, 'key': '_stock_cachetime', 'value': '1670530822'}, {'id': 2770630, 'key': '_bulkdiscount_text_info', 'value': ''}, {'id': 2770631, 'key': '_bulkdiscount_enabled', 'value': 'yes'}, {'id': 2770632, 'key': '_bulkdiscount_quantity_1', 'value': ''}, {'id': 2770633, 'key': '_bulkdiscount_discount_1', 'value': ''}, {'id': 2770634, 'key': '_bulkdiscount_quantity_2', 'value': ''}, {'id': 2770635, 'key': '_bulkdiscount_discount_2', 'value': ''}, {'id': 2770636, 'key': '_bulkdiscount_quantity_3', 'value': ''}, {'id': 2770637, 'key': '_bulkdiscount_discount_3', 'value': ''}, {'id': 2770638, 'key': '_bulkdiscount_quantity_4', 'value': ''}, {'id': 2770639, 'key': '_bulkdiscount_discount_4', 'value': ''}, {'id': 2770640, 'key': '_bulkdiscount_quantity_5', 'value': ''}, {'id': 2770641, 'key': '_bulkdiscount_discount_5', 'value': ''}, {'id': 2770642, 'key': 'wc_productdata_options', 'value': [{'_product_block': '0', '_top_content': '', '_bottom_content': '', '_bubble_new': '', '_bubble_text': '', '_custom_tab_title': '', '_custom_tab': '', '_product_video': '', '_product_video_size': '', '_product_video_placement': ''}]}, {'id': 2770643, 'key': '_yoast_wpseo_primary_product_cat', 'value': '2779'}, {'id': 2770644, 'key': '_yoast_wpseo_focuskw_text_input', 'value': 'Mary Blue-Dream Indoor 3g'}, {'id': 2770645, 'key': '_yoast_wpseo_focuskw', 'value': ""D'la Vaudoise - Strawberry 5g""}, {'id': 2770646, 'key': '_yoast_wpseo_metadesc', 'value': ""D'la Vaudoise - Strawberry 5g | Schnelle Lieferung. Hanföl, Hanftropfen oder CBD Blüten findest du bei uns im Onlineshop!""}, {'id': 2770647, 'key': '_yoast_wpseo_linkdex', 'value': '50'}, {'id': 2770648, 'key': '_yoast_wpseo_content_score', 'value': '90'}, {'id': 2770649, 'key': '_yoast_wpseo_title', 'value': ""D'la Vaudoise - Strawberry 5g | CBD Blüten online bestellen""}, {'id': 2770650, 'key': '_wpas_done_all', 'value': '1'}, {'id': 2770651, 'key': 'wholesale_customer_wholesale_price', 'value': ''}, {'id': 2770652, 'key': 'wholesale_customer_wholesale_minimum_order_quantity', 'value': ''}, {'id': 2770653, 'key': 'wholesale_customer_wholesale_order_quantity_step', 'value': ''}, {'id': 2770654, 'key': 'wwpp_ignore_cat_level_wholesale_discount', 'value': 'no'}, {'id': 2770655, 'key': 'wwpp_ignore_role_level_wholesale_discount', 'value': 'no'}, {'id': 2770656, 'key': 'wwpp_product_hash', 'value': '616d506d2d66e9.48396853'}, {'id': 2770657, 'key': '_stock_cachetime', 'value': '1670530822'}, {'id': 2770658, 'key': '_stock_info', 'value': 'normal'}, {'id': 2770659, 'key': '_yst_prominent_words_version', 'value': '1'}, {'id': 2770660, 'key': 'wwpp_post_meta_enable_quantity_discount_rule', 'value': ''}, {'id': 2770661, 'key': 'bexio_account_product', 'value': '0'}, {'id': 2770662, 'key': '_yoast_wpseo_focuskeywords', 'value': '[]'}, {'id': 2770663, 'key': '_yoast_wpseo_keywordsynonyms', 'value': '[""""]'}, {'id': 2770664, 'key': '_wpml_media_has_media', 'value': '1'}, {'id': 2770665, 'key': 'cat_footer_have_wholesale_price', 'value': 'no'}, {'id': 2770666, 'key': 'wpil_sync_report3', 'value': '1'}, {'id': 2770667, 'key': 'wpil_links_inbound_internal_count', 'value': '0'}, {'id': 2770668, 'key': 'wpil_links_inbound_internal_count_data', 'value': []}, {'id': 2770669, 'key': 'wpil_links_outbound_internal_count', 'value': '0'}, {'id': 2770670, 'key': 'wpil_links_outbound_internal_count_data', 'value': []}, {'id': 2770671, 'key': 'wpil_links_outbound_external_count', 'value': '0'}, {'id': 2770672, 'key': 'wpil_links_outbound_external_count_data', 'value': []}, {'id': 2770673, 'key': 'wpil_sync_report2_time', 'value': '2020-12-18T14:01:57+00:00'}, {'id': 2770674, 'key': 'pf_swissbilling_product_category', 'value': 'none'}, {'id': 2770675, 'key': '_ts_gtin', 'value': ''}, {'id': 2770676, 'key': '_ts_mpn', 'value': ''}, {'id': 2770677, 'key': '_yoast_wpseo_estimated-reading-time-minutes', 'value': '1'}, {'id': 2770678, 'key': '_wcct_goaldeal_99927_1618524000_1619042400', 'value': {'quantity': 8, 'type': 'custom', 'campaign_id': 99927}}, {'id': 2770679, 'key': '_wcct_goaldeal_stock_99927_1618524000_1619042400', 'value': 'yes'}, {'id': 2770680, 'key': '_ywpc_enabled', 'value': 'no'}, {'id': 2770681, 'key': '_ywpc_sale_price_dates_from', 'value': ''}, {'id': 2770682, 'key': '_ywpc_sale_price_dates_to', 'value': ''}, {'id': 2770683, 'key': '_ywpc_sold_qty', 'value': '0'}, {'id': 2770684, 'key': '_ywpc_discount_qty', 'value': '0'}, {'id': 2770685, 'key': '_yoast_post_redirect_info', 'value': {'origin': 'cbd-blueten/dla-vaudiose-strawberry-5g', 'target': 'cbd-blueten/dla-vaudoise-strawberry-5g', 'type': 301, 'format': 'plain'}}, {'id': 2770686, 'key': 'wwpp_product_wholesale_visibility_filter', 'value': 'all'}, {'id': 2770687, 'key': 'rank_math_internal_links_processed', 'value': '1'}, {'id': 2770688, 'key': '_default_delivery_time', 'value': ''}, {'id': 2770689, 'key': '_unit', 'value': ''}, {'id': 2770690, 'key': 'rank_math_seo_score', 'value': '66'}, {'id': 2770691, 'key': 'rank_math_focus_keyword', 'value': 'Big Bag Outdoor - 100 g'}, {'id': 2770692, 'key': 'rank_math_description', 'value': 'Hanfpost.ch Big Bag Outdoor - 100 g - Outdoor 6 g - Die natürlichen und handverlesenen Produkte direkt vom Hof - Jetzt neu nur bei uns auf Hanfpost.ch.'}, {'id': 2770693, 'key': '_unit_base', 'value': ''}, {'id': 2770694, 'key': '_unit_product', 'value': ''}, {'id': 2770695, 'key': '_unit_price_auto', 'value': 'no'}, {'id': 2770696, 'key': '_unit_price_regular', 'value': ''}, {'id': 2770697, 'key': '_unit_price', 'value': ''}, {'id': 2770698, 'key': '_unit_price_sale', 'value': ''}, {'id': 2770699, 'key': '_sale_price_label', 'value': ''}, {'id': 2770700, 'key': '_sale_price_regular_label', 'value': ''}, {'id': 2770701, 'key': '_mini_desc', 'value': ''}, {'id': 2770702, 'key': '_defect_description', 'value': ''}, {'id': 2770703, 'key': '_warranty_attachment_id', 'value': ''}, {'id': 2770704, 'key': '_min_age', 'value': ''}, {'id': 2770705, 'key': '_delivery_time_countries', 'value': []}, {'id': 2770706, 'key': '_free_shipping', 'value': 'no'}, {'id': 2770707, 'key': '_service', 'value': 'no'}, {'id': 2770708, 'key': '_used_good', 'value': 'no'}, {'id': 2770709, 'key': '_defective_copy', 'value': 'no'}, {'id': 2770710, 'key': '_is_food', 'value': 'no'}, {'id': 2770711, 'key': '_differential_taxation', 'value': 'no'}, {'id': 2770712, 'key': '_gzd_version', 'value': '3.11.0'}, {'id': 2770713, 'key': '_hs_code', 'value': ''}, {'id': 2770714, 'key': '_manufacture_country', 'value': '0'}, {'id': 2770715, 'key': '_rank_math_gtin_code', 'value': ''}, {'id': 2770716, 'key': 'banner_single', 'value': ''}, {'id': 2770717, 'key': '_banner_single', 'value': 'field_62184dc85c9c9'}, {'id': 2770718, 'key': 'banner_single_mobile', 'value': ''}, {'id': 2770719, 'key': '_banner_single_mobile', 'value': 'field_621e2f5fc5eda'}, {'id': 2770720, 'key': 'text_sale_%', 'value': ''}, {'id': 2770721, 'key': '_text_sale_%', 'value': 'field_6218529acc977'}, {'id': 2770722, 'key': 'sale_%', 'value': ''}, {'id': 2770723, 'key': '_sale_%', 'value': 'field_621851ef65179'}, {'id': 2770724, 'key': 'inline_featured_image', 'value': '0'}, {'id': 2770725, 'key': 'rank_math_primary_product_cat', 'value': '50'}, {'id': 2770726, 'key': 'rank_math_title', 'value': 'Hanfpost.ch Big Bag Outdoor - 100 g'}, {'id': 2770727, 'key': 'rank_math_auto_redirect', 'value': [56]}, {'id': 2771253, 'key': '_allergen_ids', 'value': []}, {'id': 2771254, 'key': 'rank_math_analytic_object_id', 'value': '1481'}]",instock,False,,0,[],"{'base': '', 'product': '', 'price_auto': False, 'price': '', 'price_regular': '', 'price_sale': '', 'price_html': ''}",,,,,,[],[],[],[],False,False,False,False,False,False,"{'deposit_type': [], 'deposit_quantity': 1, 'deposit': 0, 'ingredients': '', 'nutrient_reference_value': '', 'nutri_score': '', 'alcohol_content': '', 'allergen_ids': [], 'nutrient_ids': [{'term': 0, 'value': '', 'ref_value': ''}], 'net_filling_quantity': '', 'drained_weight': '', 'description': '', 'distributor': '', 'place_of_origin': ''}","{'self': [{'href': 'https://hanfpost.ch/wp-json/wc/v3/products/165614'}], 'collection': [{'href': 'https://hanfpost.ch/wp-json/wc/v3/products'}]}",CBD Blüten Schweiz,Outdoor,,['10 Gramm'],Menge
6,6,6,165608,Green Passion Green Widow Indoor - 2 g,green-passion-green-widow-indoor-2-g,https://hanfpost.ch/green-passion-green-widow-indoor-2-g/,2022-11-23T10:46:39,2022-11-23T09:46:39,2022-12-08T16:40:31,2022-12-08T15:40:31,simple,publish,False,visible,"<h2>Green Passion Green Widow Indoor - 2 g</h2>
<p>Fluffiges Indoor CBD von Green Passion  - Green Widow, wie der Name schon sagt, ein Rauchgenuss auf höchster Qualität.</p>
<p><span style=""font-size: 115%;"">Menge: 2g</span><br />
<span style=""font-size: 115%;"">THC: &lt; 1%</span><br />
<span style=""font-size: 115%;"">CBD: &lt;18%</span></p>
","<p>Green Passion &#8211; Hash</p>
",30.202,13.0,13.0,,,,,,False,True,0,False,False,[],-1,-1,,,taxable,ermaessigter-steuersatz,True,10.0,notify,True,False,,False,,"{'length': '', 'width': '', 'height': ''}",True,True,,0,True,0.0,0,[],[],0,,"[{'id': 21, 'name': 'CBD Shop', 'slug': 'cbd-shop'}, {'id': 50, 'name': 'CBD Blüten Schweiz', 'slug': 'cbd-bluten-schweiz'}, {'id': 55, 'name': 'Indoor', 'slug': 'indoor'}]",[],"[{'id': 165605, 'date_created': '2022-11-23T11:37:49', 'date_created_gmt': '2022-11-23T09:37:49', 'date_modified': '2022-11-23T11:51:57', 'date_modified_gmt': '2022-11-23T09:51:57', 'src': 'https://hanfpost.ch/wp-content/uploads/2022/11/Green-Passion-Fruit-Punch-2-g.jpg', 'name': 'Green Passion Green Widow Indoor &#8211; 2 g', 'alt': 'Green Passion Green Widow Indoor - 2 g'}]","[{'id': 4, 'name': 'Menge', 'position': 1, 'visible': True, 'variation': False, 'options': ['8 Gramm']}]",[],[],[],60,"<span class=""woocommerce-Price-amount amount""><bdi>13,00&nbsp;<span class=""woocommerce-Price-currencySymbol"">&#67;&#72;&#70;</span></bdi></span>","[128880, 128878, 128872, 128874, 128884]","[{'id': 2770146, 'key': 'rank_math_internal_links_processed', 'value': '1'}, {'id': 2770167, 'key': '_stock_cachetime', 'value': '1670538786'}, {'id': 2770168, 'key': 'rank_math_internal_links_processed', 'value': '1'}, {'id': 2770169, 'key': '_stock_cachetime', 'value': '1670538786'}, {'id': 2770170, 'key': 'rank_math_internal_links_processed', 'value': '1'}, {'id': 2770171, 'key': '_stock_cachetime', 'value': '1670538786'}, {'id': 2770172, 'key': 'rank_math_internal_links_processed', 'value': '1'}, {'id': 2770173, 'key': '_stock_cachetime', 'value': '1670538786'}, {'id': 2770174, 'key': 'rank_math_internal_links_processed', 'value': '1'}, {'id': 2770175, 'key': '_stock_cachetime', 'value': '1670538786'}, {'id': 2770176, 'key': 'rank_math_internal_links_processed', 'value': '1'}, {'id': 2770177, 'key': '_stock_cachetime', 'value': '1670538786'}, {'id': 2770178, 'key': 'rank_math_internal_links_processed', 'value': '1'}, {'id': 2770179, 'key': '_stock_cachetime', 'value': '1670538786'}, {'id': 2770180, 'key': 'rank_math_internal_links_processed', 'value': '1'}, {'id': 2770181, 'key': '_stock_cachetime', 'value': '1670538786'}, {'id': 2770182, 'key': 'rank_math_internal_links_processed', 'value': '1'}, {'id': 2770183, 'key': '_stock_cachetime', 'value': '1670538786'}, {'id': 2770184, 'key': 'rank_math_internal_links_processed', 'value': '1'}, {'id': 2770185, 'key': '_stock_cachetime', 'value': '1670538786'}, {'id': 2770186, 'key': 'rank_math_internal_links_processed', 'value': '1'}, {'id': 2770187, 'key': '_stock_cachetime', 'value': '1670538786'}, {'id': 2770188, 'key': 'rank_math_internal_links_processed', 'value': '1'}, {'id': 2770189, 'key': '_stock_cachetime', 'value': '1670538786'}, {'id': 2770190, 'key': 'rank_math_internal_links_processed', 'value': '1'}, {'id': 2770191, 'key': '_stock_cachetime', 'value': '1670538786'}, {'id': 2770192, 'key': 'rank_math_internal_links_processed', 'value': '1'}, {'id': 2770193, 'key': '_stock_cachetime', 'value': '1670538786'}, {'id': 2770194, 'key': 'rank_math_internal_links_processed', 'value': '1'}, {'id': 2770195, 'key': '_stock_cachetime', 'value': '1670538786'}, {'id': 2770196, 'key': 'rank_math_internal_links_processed', 'value': '1'}, {'id': 2770197, 'key': '_stock_cachetime', 'value': '1670538786'}, {'id': 2770198, 'key': 'rank_math_internal_links_processed', 'value': '1'}, {'id': 2770199, 'key': '_stock_cachetime', 'value': '1670538786'}, {'id': 2770200, 'key': 'rank_math_internal_links_processed', 'value': '1'}, {'id': 2770201, 'key': '_stock_cachetime', 'value': '1670538786'}, {'id': 2770202, 'key': 'rank_math_internal_links_processed', 'value': '1'}, {'id': 2770203, 'key': '_stock_cachetime', 'value': '1670538786'}, {'id': 2770204, 'key': 'rank_math_internal_links_processed', 'value': '1'}, {'id': 2770205, 'key': '_stock_cachetime', 'value': '1670538786'}, {'id': 2770206, 'key': 'rank_math_internal_links_processed', 'value': '1'}, {'id': 2770207, 'key': '_stock_cachetime', 'value': '1670538786'}, {'id': 2770208, 'key': 'rank_math_internal_links_processed', 'value': '1'}, {'id': 2770209, 'key': '_stock_cachetime', 'value': '1670538786'}, {'id': 2770210, 'key': 'rank_math_internal_links_processed', 'value': '1'}, {'id': 2770211, 'key': '_stock_cachetime', 'value': '1670538786'}, {'id': 2770212, 'key': 'rank_math_internal_links_processed', 'value': '1'}, {'id': 2770213, 'key': '_stock_cachetime', 'value': '1670538786'}, {'id': 2770214, 'key': 'rank_math_internal_links_processed', 'value': '1'}, {'id': 2770215, 'key': '_stock_cachetime', 'value': '1670538786'}, {'id': 2770216, 'key': '_bulkdiscount_text_info', 'value': ''}, {'id': 2770217, 'key': '_bulkdiscount_enabled', 'value': 'yes'}, {'id': 2770218, 'key': '_bulkdiscount_quantity_1', 'value': ''}, {'id': 2770219, 'key': '_bulkdiscount_discount_1', 'value': ''}, {'id': 2770220, 'key': '_bulkdiscount_quantity_2', 'value': ''}, {'id': 2770221, 'key': '_bulkdiscount_discount_2', 'value': ''}, {'id': 2770222, 'key': '_bulkdiscount_quantity_3', 'value': ''}, {'id': 2770223, 'key': '_bulkdiscount_discount_3', 'value': ''}, {'id': 2770224, 'key': '_bulkdiscount_quantity_4', 'value': ''}, {'id': 2770225, 'key': '_bulkdiscount_discount_4', 'value': ''}, {'id': 2770226, 'key': '_bulkdiscount_quantity_5', 'value': ''}, {'id': 2770227, 'key': '_bulkdiscount_discount_5', 'value': ''}, {'id': 2770228, 'key': 'wc_productdata_options', 'value': [{'_product_block': '0', '_top_content': '', '_bottom_content': '', '_bubble_new': '', '_bubble_text': '', '_custom_tab_title': '', '_custom_tab': '', '_product_video': '', '_product_video_size': '', '_product_video_placement': ''}]}, {'id': 2770229, 'key': '_yoast_wpseo_primary_product_cat', 'value': '2779'}, {'id': 2770230, 'key': '_yoast_wpseo_focuskw_text_input', 'value': 'Qualicann Sweet Star 4.5g Indoor'}, {'id': 2770231, 'key': '_yoast_wpseo_focuskw', 'value': 'Judy Swiss Mango Haze Indoor - 10 g'}, {'id': 2770232, 'key': '_yoast_wpseo_metadesc', 'value': 'Judy Swiss Mango Haze Indoor - 10 g | Schnelle Lieferung. Viele weitere Top CBD Produkte findest du bei uns im Onlineshop!'}, {'id': 2770233, 'key': '_yoast_wpseo_linkdex', 'value': '50'}, {'id': 2770234, 'key': '_yoast_wpseo_content_score', 'value': '90'}, {'id': 2770235, 'key': '_yoast_wpseo_title', 'value': 'Judy Swiss Mango Haze Indoor - 10 g %%sep%% %%sitename%%'}, {'id': 2770236, 'key': '_wpas_done_all', 'value': '1'}, {'id': 2770237, 'key': 'sd_payments', 'value': []}, {'id': 2770238, 'key': 'wholesale_customer_wholesale_price', 'value': ''}, {'id': 2770239, 'key': 'wholesale_customer_wholesale_minimum_order_quantity', 'value': ''}, {'id': 2770240, 'key': 'wholesale_customer_wholesale_order_quantity_step', 'value': ''}, {'id': 2770241, 'key': 'wwpp_ignore_cat_level_wholesale_discount', 'value': 'no'}, {'id': 2770242, 'key': 'wwpp_ignore_role_level_wholesale_discount', 'value': 'no'}, {'id': 2770243, 'key': 'wwpp_product_hash', 'value': '61a031f0669496.61550195'}, {'id': 2770244, 'key': '_yst_prominent_words_version', 'value': '1'}, {'id': 2770245, 'key': 'wwpp_post_meta_enable_quantity_discount_rule', 'value': 'no'}, {'id': 2770246, 'key': 'wwpp_post_meta_quantity_discount_rule_mapping', 'value': []}, {'id': 2770247, 'key': '_yoast_wpseo_focuskeywords', 'value': '[]'}, {'id': 2770248, 'key': '_yoast_wpseo_keywordsynonyms', 'value': '[""""]'}, {'id': 2770249, 'key': '_stock_cachetime', 'value': '1670538786'}, {'id': 2770250, 'key': '_stock_info', 'value': 'normal'}, {'id': 2770251, 'key': 'bexio_account_product', 'value': '0'}, {'id': 2770252, 'key': 'pf_swissbilling_product_category', 'value': 'none'}, {'id': 2770253, 'key': '_ts_gtin', 'value': ''}, {'id': 2770254, 'key': '_ts_mpn', 'value': ''}, {'id': 2770255, 'key': 'gtin_ean', 'value': ''}, {'id': 2770256, 'key': '_gtin_ean', 'value': 'field_5f2ad52ca675c'}, {'id': 2770257, 'key': 'gx_marke', 'value': ''}, {'id': 2770258, 'key': '_gx_marke', 'value': 'field_5f2adbd253734'}, {'id': 2770259, 'key': 'gx_product_category', 'value': ''}, {'id': 2770260, 'key': '_gx_product_category', 'value': 'field_5f2adc0653735'}, {'id': 2770261, 'key': 'gx_weight', 'value': ''}, {'id': 2770262, 'key': '_gx_weight', 'value': 'field_5f2adc2353736'}, {'id': 2770263, 'key': 'gx_mwst', 'value': ''}, {'id': 2770264, 'key': '_gx_mwst', 'value': 'field_5f2adc7353737'}, {'id': 2770265, 'key': '_wpml_media_has_media', 'value': '1'}, {'id': 2770266, 'key': '_wpml_location_migration_done', 'value': '1'}, {'id': 2770267, 'key': 'cat_footer_have_wholesale_price', 'value': 'no'}, {'id': 2770268, 'key': 'wpil_sync_report3', 'value': '1'}, {'id': 2770269, 'key': 'wpil_links_inbound_internal_count', 'value': '0'}, {'id': 2770270, 'key': 'wpil_links_inbound_internal_count_data', 'value': []}, {'id': 2770271, 'key': 'wpil_links_outbound_internal_count', 'value': '0'}, {'id': 2770272, 'key': 'wpil_links_outbound_internal_count_data', 'value': []}, {'id': 2770273, 'key': 'wpil_links_outbound_external_count', 'value': '0'}, {'id': 2770274, 'key': 'wpil_links_outbound_external_count_data', 'value': []}, {'id': 2770275, 'key': 'wpil_sync_report2_time', 'value': '2020-12-18T14:14:54+00:00'}, {'id': 2770276, 'key': '_yoast_wpseo_estimated-reading-time-minutes', 'value': '1'}, {'id': 2770277, 'key': '_wcct_goaldeal_99927_1618524000_1619042400', 'value': {'quantity': 8, 'type': 'custom', 'campaign_id': 99927}}, {'id': 2770278, 'key': '_wcct_goaldeal_stock_99927_1618524000_1619042400', 'value': 'yes'}, {'id': 2770279, 'key': '_ywpc_enabled', 'value': 'no'}, {'id': 2770280, 'key': '_ywpc_sale_price_dates_from', 'value': ''}, {'id': 2770281, 'key': '_ywpc_sale_price_dates_to', 'value': ''}, {'id': 2770282, 'key': '_ywpc_sold_qty', 'value': '0'}, {'id': 2770283, 'key': '_ywpc_discount_qty', 'value': '0'}, {'id': 2770284, 'key': 'wholesale_customer_have_wholesale_price', 'value': 'no'}, {'id': 2770285, 'key': 'wwpp_product_wholesale_visibility_filter', 'value': 'all'}, {'id': 2770286, 'key': 'rank_math_internal_links_processed', 'value': '1'}, {'id': 2770287, 'key': '_delivery_time_countries', 'value': []}, {'id': 2770288, 'key': 'rank_math_seo_score', 'value': '68'}, {'id': 2770289, 'key': '_unit', 'value': ''}, {'id': 2770290, 'key': '_unit_base', 'value': ''}, {'id': 2770291, 'key': '_unit_product', 'value': ''}, {'id': 2770292, 'key': '_unit_price_auto', 'value': 'no'}, {'id': 2770293, 'key': '_unit_price_regular', 'value': ''}, {'id': 2770294, 'key': '_unit_price', 'value': ''}, {'id': 2770295, 'key': '_unit_price_sale', 'value': ''}, {'id': 2770296, 'key': '_sale_price_label', 'value': ''}, {'id': 2770297, 'key': '_sale_price_regular_label', 'value': ''}, {'id': 2770298, 'key': '_mini_desc', 'value': ''}, {'id': 2770299, 'key': '_defect_description', 'value': ''}, {'id': 2770300, 'key': '_warranty_attachment_id', 'value': ''}, {'id': 2770301, 'key': '_min_age', 'value': ''}, {'id': 2770302, 'key': '_free_shipping', 'value': 'no'}, {'id': 2770303, 'key': '_service', 'value': 'no'}, {'id': 2770304, 'key': '_used_good', 'value': 'no'}, {'id': 2770305, 'key': '_defective_copy', 'value': 'no'}, {'id': 2770306, 'key': '_is_food', 'value': 'no'}, {'id': 2770307, 'key': '_differential_taxation', 'value': 'no'}, {'id': 2770308, 'key': '_gzd_version', 'value': '3.11.0'}, {'id': 2770309, 'key': '_hs_code', 'value': ''}, {'id': 2770310, 'key': '_manufacture_country', 'value': '0'}, {'id': 2770311, 'key': '_rank_math_gtin_code', 'value': ''}, {'id': 2770312, 'key': 'banner_single', 'value': ''}, {'id': 2770313, 'key': '_banner_single', 'value': 'field_62184dc85c9c9'}, {'id': 2770314, 'key': 'banner_single_mobile', 'value': ''}, {'id': 2770315, 'key': '_banner_single_mobile', 'value': 'field_621e2f5fc5eda'}, {'id': 2770316, 'key': 'text_sale_%', 'value': ''}, {'id': 2770317, 'key': '_text_sale_%', 'value': 'field_6218529acc977'}, {'id': 2770318, 'key': 'sale_%', 'value': ''}, {'id': 2770319, 'key': '_sale_%', 'value': 'field_621851ef65179'}, {'id': 2770320, 'key': 'inline_featured_image', 'value': '0'}, {'id': 2770321, 'key': 'rank_math_focus_keyword', 'value': 'Green Passion Green Widow Indoor - 2 g'}, {'id': 2770322, 'key': 'rank_math_description', 'value': 'Green Passion Green Widow Indoor - 2 g - Neu bei uns auf www.hanfpost.ch erhältlich! Greife jetzt zu und profitiere von unserem Blitzversand!'}, {'id': 2770323, 'key': 'rank_math_primary_product_cat', 'value': '21'}, {'id': 2770324, 'key': '_default_delivery_time', 'value': ''}, {'id': 2770339, 'key': 'rank_math_title', 'value': 'Hanfpost.ch Green Passion Green Widow Indoor - 2 g'}, {'id': 2770340, 'key': '_allergen_ids', 'value': []}, {'id': 2770341, 'key': 'rank_math_analytic_object_id', 'value': '1480'}]",instock,False,,0,[],"{'base': '', 'product': '', 'price_auto': False, 'price': '', 'price_regular': '', 'price_sale': '', 'price_html': ''}",,,,,,[],[],[],[],False,False,False,False,False,False,"{'deposit_type': [], 'deposit_quantity': 1, 'deposit': 0, 'ingredients': '', 'nutrient_reference_value': '', 'nutri_score': '', 'alcohol_content': '', 'allergen_ids': [], 'nutrient_ids': [{'term': 0, 'value': '', 'ref_value': ''}], 'net_filling_quantity': '', 'drained_weight': '', 'description': '', 'distributor': '', 'place_of_origin': ''}","{'self': [{'href': 'https://hanfpost.ch/wp-json/wc/v3/products/165608'}], 'collection': [{'href': 'https://hanfpost.ch/wp-json/wc/v3/products'}]}",CBD Shop,CBD Blüten Schweiz,Indoor,['8 Gramm'],Menge
7,7,7,165607,Green Passion Space Queen - 2 g,green-passion-space-queen-2-g,https://hanfpost.ch/green-passion-space-queen-2-g/,2022-11-23T10:42:15,2022-11-23T09:42:15,2022-12-08T22:47:03,2022-12-08T21:47:03,simple,publish,False,visible,"<h2>Green Passion Space Queen - 2 g</h2>
<div>Mit seinem süsslichen Geruch und seinen kompakten Blüten ist das Space Queen Indoor CBD einer unserer Top-Favoriten unter den Premium Indoor Sorten.</div>
<div></div>
<div>Indoor / THC: &lt; 1% / CBD: ~20%</div>
","<p>Indoor / THC: &lt; 1% / CBD: ~20%</p>
",30.17,13.0,13.0,,,,,,False,True,0,False,False,[],-1,-1,,,taxable,ermaessigter-steuersatz,True,10.0,no,False,False,,False,,"{'length': '', 'width': '', 'height': ''}",True,True,,0,True,0.0,0,[],[],0,,"[{'id': 50, 'name': 'CBD Blüten Schweiz', 'slug': 'cbd-bluten-schweiz'}, {'id': 55, 'name': 'Indoor', 'slug': 'indoor'}]",[],"[{'id': 127184, 'date_created': '2021-01-26T16:11:01', 'date_created_gmt': '2021-01-26T14:11:01', 'date_modified': '2021-01-26T16:11:05', 'date_modified_gmt': '2021-01-26T14:11:05', 'src': 'https://hanfpost.ch/wp-content/uploads/hanfpost_ch/uploads/2020/09/Green-Passion-Harlequin-10-g-Popcorn-Buds.png', 'name': 'Green Passion Harlequin 10 g Popcorn Buds', 'alt': 'Green Passion Harlequin 10 g Popcorn Buds'}]","[{'id': 4, 'name': 'Menge', 'position': 1, 'visible': True, 'variation': True, 'options': ['10 Gramm']}]",[],[],[],333,"<span class=""woocommerce-Price-amount amount""><bdi>13,00&nbsp;<span class=""woocommerce-Price-currencySymbol"">&#67;&#72;&#70;</span></bdi></span>","[129193, 155421, 129157, 129305, 129287]","[{'id': 2770009, 'key': 'rank_math_internal_links_processed', 'value': '1'}, {'id': 2770030, 'key': '_stock_cachetime', 'value': '1670536023'}, {'id': 2770031, 'key': '_bulkdiscount_text_info', 'value': ''}, {'id': 2770032, 'key': '_bulkdiscount_enabled', 'value': 'yes'}, {'id': 2770033, 'key': '_bulkdiscount_quantity_1', 'value': ''}, {'id': 2770034, 'key': '_bulkdiscount_discount_1', 'value': ''}, {'id': 2770035, 'key': '_bulkdiscount_quantity_2', 'value': ''}, {'id': 2770036, 'key': '_bulkdiscount_discount_2', 'value': ''}, {'id': 2770037, 'key': '_bulkdiscount_quantity_3', 'value': ''}, {'id': 2770038, 'key': '_bulkdiscount_discount_3', 'value': ''}, {'id': 2770039, 'key': '_bulkdiscount_quantity_4', 'value': ''}, {'id': 2770040, 'key': '_bulkdiscount_discount_4', 'value': ''}, {'id': 2770041, 'key': '_bulkdiscount_quantity_5', 'value': ''}, {'id': 2770042, 'key': '_bulkdiscount_discount_5', 'value': ''}, {'id': 2770043, 'key': 'wc_productdata_options', 'value': [{'_product_block': '0', '_top_content': '', '_bottom_content': '', '_bubble_new': '', '_bubble_text': '', '_custom_tab_title': '', '_custom_tab': '', '_product_video': '', '_product_video_size': '', '_product_video_placement': ''}]}, {'id': 2770044, 'key': '_yoast_wpseo_primary_product_cat', 'value': '2779'}, {'id': 2770045, 'key': '_yoast_wpseo_focuskw_text_input', 'value': 'Mary Jack-Herer Indoor 3g'}, {'id': 2770046, 'key': '_yoast_wpseo_focuskw', 'value': 'Green Passion Space Queen 10 g Popcorn Buds'}, {'id': 2770047, 'key': '_yoast_wpseo_metadesc', 'value': 'Green Passion Space Queen 10 g Popcorn Buds | Entdecke das beste CBD der Schweiz hier bei uns im Shop. Schnelle, zuverlässige Lieferung.'}, {'id': 2770048, 'key': '_yoast_wpseo_linkdex', 'value': '50'}, {'id': 2770049, 'key': '_yoast_wpseo_content_score', 'value': '90'}, {'id': 2770050, 'key': '_yoast_wpseo_title', 'value': 'Green Passion Space Queen 10 g Popcorn Buds | Hanföl bestellen'}, {'id': 2770051, 'key': '_wpas_done_all', 'value': '1'}, {'id': 2770052, 'key': 'sd_payments', 'value': []}, {'id': 2770053, 'key': 'wholesale_customer_wholesale_price', 'value': ''}, {'id': 2770054, 'key': 'wholesale_customer_wholesale_minimum_order_quantity', 'value': ''}, {'id': 2770055, 'key': 'wholesale_customer_wholesale_order_quantity_step', 'value': ''}, {'id': 2770056, 'key': 'wwpp_ignore_cat_level_wholesale_discount', 'value': 'no'}, {'id': 2770057, 'key': 'wwpp_ignore_role_level_wholesale_discount', 'value': 'no'}, {'id': 2770058, 'key': 'wwpp_product_hash', 'value': '620bc1ec6a8389.73334386'}, {'id': 2770059, 'key': '_stock_cachetime', 'value': '1670536023'}, {'id': 2770060, 'key': '_stock_info', 'value': 'normal'}, {'id': 2770061, 'key': '_yst_prominent_words_version', 'value': '1'}, {'id': 2770062, 'key': 'wwpp_post_meta_enable_quantity_discount_rule', 'value': ''}, {'id': 2770063, 'key': 'bexio_account_product', 'value': '0'}, {'id': 2770064, 'key': '_yoast_wpseo_focuskeywords', 'value': '[]'}, {'id': 2770065, 'key': '_yoast_wpseo_keywordsynonyms', 'value': '[""""]'}, {'id': 2770066, 'key': 'gtin_ean', 'value': ''}, {'id': 2770067, 'key': '_gtin_ean', 'value': 'field_5f2ad52ca675c'}, {'id': 2770068, 'key': 'gx_marke', 'value': ''}, {'id': 2770069, 'key': '_gx_marke', 'value': 'field_5f2adbd253734'}, {'id': 2770070, 'key': 'gx_product_category', 'value': ''}, {'id': 2770071, 'key': '_gx_product_category', 'value': 'field_5f2adc0653735'}, {'id': 2770072, 'key': 'gx_weight', 'value': ''}, {'id': 2770073, 'key': '_gx_weight', 'value': 'field_5f2adc2353736'}, {'id': 2770074, 'key': 'gx_mwst', 'value': ''}, {'id': 2770075, 'key': '_gx_mwst', 'value': 'field_5f2adc7353737'}, {'id': 2770076, 'key': 'pf_swissbilling_product_category', 'value': 'none'}, {'id': 2770077, 'key': '_ts_gtin', 'value': ''}, {'id': 2770078, 'key': '_ts_mpn', 'value': ''}, {'id': 2770079, 'key': '_wpml_media_has_media', 'value': '1'}, {'id': 2770080, 'key': 'cat_footer_have_wholesale_price', 'value': 'no'}, {'id': 2770081, 'key': 'wpil_sync_report3', 'value': '1'}, {'id': 2770082, 'key': 'wpil_links_inbound_internal_count', 'value': '0'}, {'id': 2770083, 'key': 'wpil_links_inbound_internal_count_data', 'value': []}, {'id': 2770084, 'key': 'wpil_links_outbound_internal_count', 'value': '0'}, {'id': 2770085, 'key': 'wpil_links_outbound_internal_count_data', 'value': []}, {'id': 2770086, 'key': 'wpil_links_outbound_external_count', 'value': '0'}, {'id': 2770087, 'key': 'wpil_links_outbound_external_count_data', 'value': []}, {'id': 2770088, 'key': 'wpil_sync_report2_time', 'value': '2020-12-19T15:07:53+00:00'}, {'id': 2770089, 'key': '_yoast_wpseo_estimated-reading-time-minutes', 'value': '1'}, {'id': 2770090, 'key': '_wcct_goaldeal_99927_1618524000_1619042400', 'value': {'quantity': 8, 'type': 'custom', 'campaign_id': 99927}}, {'id': 2770091, 'key': '_wcct_goaldeal_stock_99927_1618524000_1619042400', 'value': 'yes'}, {'id': 2770092, 'key': '_ywpc_enabled', 'value': 'no'}, {'id': 2770093, 'key': '_ywpc_sale_price_dates_from', 'value': ''}, {'id': 2770094, 'key': '_ywpc_sale_price_dates_to', 'value': ''}, {'id': 2770095, 'key': '_ywpc_sold_qty', 'value': '0'}, {'id': 2770096, 'key': '_ywpc_discount_qty', 'value': '0'}, {'id': 2770097, 'key': 'wholesale_customer_have_wholesale_price', 'value': 'no'}, {'id': 2770098, 'key': '_yoast_post_redirect_info', 'value': {'origin': 'cbd-blueten/green-passion-harlequin-10-g-popcorn-buds', 'target': 'cbd-blueten/green-passion-space-queen-10-g-popcorn-buds', 'type': 301, 'format': 'plain'}}, {'id': 2770099, 'key': 'wwpp_product_wholesale_visibility_filter', 'value': 'all'}, {'id': 2770100, 'key': 'rank_math_internal_links_processed', 'value': '1'}, {'id': 2770101, 'key': 'rank_math_seo_score', 'value': '66'}, {'id': 2770102, 'key': 'rank_math_focus_keyword', 'value': 'Green Passion Space Queen - 2 g'}, {'id': 2770103, 'key': 'rank_math_description', 'value': 'Green Passion Space Queen - 2 g - JETZT von unserem vielfältigen Sortiment profitieren + Blitzversand und ab 79 CHF Portofreie Lieferung!'}, {'id': 2770104, 'key': '_unit', 'value': ''}, {'id': 2770105, 'key': '_unit_base', 'value': ''}, {'id': 2770106, 'key': '_unit_product', 'value': ''}, {'id': 2770107, 'key': '_unit_price_auto', 'value': 'no'}, {'id': 2770108, 'key': '_unit_price_regular', 'value': ''}, {'id': 2770109, 'key': '_unit_price', 'value': ''}, {'id': 2770110, 'key': '_unit_price_sale', 'value': ''}, {'id': 2770111, 'key': '_sale_price_label', 'value': ''}, {'id': 2770112, 'key': '_sale_price_regular_label', 'value': ''}, {'id': 2770113, 'key': '_mini_desc', 'value': ''}, {'id': 2770114, 'key': '_defect_description', 'value': ''}, {'id': 2770115, 'key': '_warranty_attachment_id', 'value': ''}, {'id': 2770116, 'key': '_min_age', 'value': ''}, {'id': 2770117, 'key': '_delivery_time_countries', 'value': []}, {'id': 2770118, 'key': '_free_shipping', 'value': 'no'}, {'id': 2770119, 'key': '_service', 'value': 'no'}, {'id': 2770120, 'key': '_used_good', 'value': 'no'}, {'id': 2770121, 'key': '_defective_copy', 'value': 'no'}, {'id': 2770122, 'key': '_is_food', 'value': 'no'}, {'id': 2770123, 'key': '_differential_taxation', 'value': 'no'}, {'id': 2770124, 'key': '_gzd_version', 'value': '3.11.0'}, {'id': 2770125, 'key': '_hs_code', 'value': ''}, {'id': 2770126, 'key': '_manufacture_country', 'value': '0'}, {'id': 2770127, 'key': '_rank_math_gtin_code', 'value': ''}, {'id': 2770128, 'key': 'banner_single', 'value': ''}, {'id': 2770129, 'key': '_banner_single', 'value': 'field_62184dc85c9c9'}, {'id': 2770130, 'key': 'banner_single_mobile', 'value': ''}, {'id': 2770131, 'key': '_banner_single_mobile', 'value': 'field_621e2f5fc5eda'}, {'id': 2770132, 'key': 'text_sale_%', 'value': ''}, {'id': 2770133, 'key': '_text_sale_%', 'value': 'field_6218529acc977'}, {'id': 2770134, 'key': 'sale_%', 'value': ''}, {'id': 2770135, 'key': '_sale_%', 'value': 'field_621851ef65179'}, {'id': 2770136, 'key': 'inline_featured_image', 'value': '0'}, {'id': 2770137, 'key': 'rank_math_primary_product_cat', 'value': '0'}, {'id': 2770138, 'key': 'rank_math_auto_redirect', 'value': [74]}, {'id': 2770139, 'key': 'rank_math_title', 'value': 'Hanfpost.ch Green Passion Space Queen - 2 g'}, {'id': 2770141, 'key': '_allergen_ids', 'value': []}, {'id': 2770142, 'key': 'rank_math_analytic_object_id', 'value': '1479'}]",instock,False,,0,[],"{'base': '', 'product': '', 'price_auto': False, 'price': '', 'price_regular': '', 'price_sale': '', 'price_html': ''}",,,,,,[],[],[],[],False,False,False,False,False,False,"{'deposit_type': [], 'deposit_quantity': 1, 'deposit': 0, 'ingredients': '', 'nutrient_reference_value': '', 'nutri_score': '', 'alcohol_content': '', 'allergen_ids': [], 'nutrient_ids': [{'term': 0, 'value': '', 'ref_value': ''}], 'net_filling_quantity': '', 'drained_weight': '', 'description': '', 'distributor': '', 'place_of_origin': ''}","{'self': [{'href': 'https://hanfpost.ch/wp-json/wc/v3/products/165607'}], 'collection': [{'href': 'https://hanfpost.ch/wp-json/wc/v3/products'}]}",CBD Blüten Schweiz,Indoor,,['10 Gramm'],Menge
8,8,8,165604,Green Passion Fruit Punch - 2 g,green-passion-fruit-punch-2-g,https://hanfpost.ch/green-passion-fruit-punch-2-g/,2022-11-23T10:25:47,2022-11-23T09:25:47,2022-12-08T22:52:19,2022-12-08T21:52:19,simple,publish,False,visible,"<h2>Green Passion Fruit Punch - 2 g</h2>
<div>Diese Sorte verlockt mit ihrem fruchtigen Aroma und der einzigartigen intensiven Erdbeer-Note.</div>
<div>Die schönen Blüten kombiniert mit dem einmaligen Duft machen diese Green Passion Sorte zu etwas ganz Besonderem.</div>
<div></div>
<div><strong>Indoor / THC: &lt; 1% / CBD: &lt;18%</strong></div>
","<p><strong>Indoor / THC: &lt; 1% / CBD: ~18%</strong></p>
",30.171,13.0,13.0,,,,,,False,True,0,False,False,[],-1,-1,,,taxable,ermaessigter-steuersatz,True,10.0,no,False,False,,False,,"{'length': '', 'width': '', 'height': ''}",True,True,,0,True,0.0,0,[],[],0,,"[{'id': 50, 'name': 'CBD Blüten Schweiz', 'slug': 'cbd-bluten-schweiz'}, {'id': 55, 'name': 'Indoor', 'slug': 'indoor'}]",[],"[{'id': 165605, 'date_created': '2022-11-23T11:37:49', 'date_created_gmt': '2022-11-23T09:37:49', 'date_modified': '2022-11-23T11:51:57', 'date_modified_gmt': '2022-11-23T09:51:57', 'src': 'https://hanfpost.ch/wp-content/uploads/2022/11/Green-Passion-Fruit-Punch-2-g.jpg', 'name': 'Green Passion Green Widow Indoor &#8211; 2 g', 'alt': 'Green Passion Green Widow Indoor - 2 g'}, {'id': 128134, 'date_created': '2021-04-06T21:14:20', 'date_created_gmt': '2021-04-06T17:14:20', 'date_modified': '2021-04-27T17:50:14', 'date_modified_gmt': '2021-04-27T13:50:14', 'src': 'https://hanfpost.ch/wp-content/uploads/hanfpost_ch/uploads/2021/04/Green-Passion-Berry-Popcorn2.jpg', 'name': 'Green Passion Berry Popcorn2', 'alt': 'Green Passion Berry Popcorn2'}]","[{'id': 4, 'name': 'Menge', 'position': 1, 'visible': True, 'variation': True, 'options': ['10 Gramm']}]",[],[],[],338,"<span class=""woocommerce-Price-amount amount""><bdi>13,00&nbsp;<span class=""woocommerce-Price-currencySymbol"">&#67;&#72;&#70;</span></bdi></span>","[129291, 129273, 129275, 129157, 129315]","[{'id': 2769785, 'key': 'rank_math_internal_links_processed', 'value': '1'}, {'id': 2769807, 'key': '_stock_cachetime', 'value': '1670536339'}, {'id': 2769808, 'key': '_bulkdiscount_text_info', 'value': ''}, {'id': 2769809, 'key': '_bulkdiscount_enabled', 'value': 'yes'}, {'id': 2769810, 'key': '_bulkdiscount_quantity_1', 'value': ''}, {'id': 2769811, 'key': '_bulkdiscount_discount_1', 'value': ''}, {'id': 2769812, 'key': '_bulkdiscount_quantity_2', 'value': ''}, {'id': 2769813, 'key': '_bulkdiscount_discount_2', 'value': ''}, {'id': 2769814, 'key': '_bulkdiscount_quantity_3', 'value': ''}, {'id': 2769815, 'key': '_bulkdiscount_discount_3', 'value': ''}, {'id': 2769816, 'key': '_bulkdiscount_quantity_4', 'value': ''}, {'id': 2769817, 'key': '_bulkdiscount_discount_4', 'value': ''}, {'id': 2769818, 'key': '_bulkdiscount_quantity_5', 'value': ''}, {'id': 2769819, 'key': '_bulkdiscount_discount_5', 'value': ''}, {'id': 2769820, 'key': 'wc_productdata_options', 'value': [{'_product_block': '0', '_top_content': '', '_bottom_content': '', '_bubble_new': '', '_bubble_text': '', '_custom_tab_title': '', '_custom_tab': '', '_product_video': '', '_product_video_size': '', '_product_video_placement': ''}]}, {'id': 2769821, 'key': '_yoast_wpseo_primary_product_cat', 'value': '2779'}, {'id': 2769822, 'key': '_yoast_wpseo_focuskw_text_input', 'value': 'Mary Jack-Herer Indoor 3g'}, {'id': 2769823, 'key': '_yoast_wpseo_focuskw', 'value': 'Green Passion Berry 10 g Popcorn Buds'}, {'id': 2769824, 'key': '_yoast_wpseo_metadesc', 'value': 'Green Passion Berry 10 g Popcorn Buds | Schnelle zuverlässige Lieferung. Viele weitere Top CBD Produkte findest du bei uns im Onlineshop!'}, {'id': 2769825, 'key': '_yoast_wpseo_linkdex', 'value': '50'}, {'id': 2769826, 'key': '_yoast_wpseo_content_score', 'value': '90'}, {'id': 2769827, 'key': '_yoast_wpseo_title', 'value': 'Green Passion Berry 10 g Popcorn Buds | CBD bestellen'}, {'id': 2769828, 'key': '_wpas_done_all', 'value': '1'}, {'id': 2769829, 'key': 'sd_payments', 'value': []}, {'id': 2769830, 'key': 'wholesale_customer_wholesale_price', 'value': ''}, {'id': 2769831, 'key': 'wholesale_customer_wholesale_minimum_order_quantity', 'value': ''}, {'id': 2769832, 'key': 'wholesale_customer_wholesale_order_quantity_step', 'value': ''}, {'id': 2769833, 'key': 'wwpp_ignore_cat_level_wholesale_discount', 'value': 'no'}, {'id': 2769834, 'key': 'wwpp_ignore_role_level_wholesale_discount', 'value': 'no'}, {'id': 2769835, 'key': 'wwpp_product_hash', 'value': '61a031d9b19b28.30918359'}, {'id': 2769836, 'key': '_stock_cachetime', 'value': '1670536339'}, {'id': 2769837, 'key': '_stock_info', 'value': 'normal'}, {'id': 2769838, 'key': '_yst_prominent_words_version', 'value': '1'}, {'id': 2769839, 'key': 'wwpp_post_meta_enable_quantity_discount_rule', 'value': ''}, {'id': 2769840, 'key': 'bexio_account_product', 'value': '0'}, {'id': 2769841, 'key': '_yoast_wpseo_focuskeywords', 'value': '[]'}, {'id': 2769842, 'key': '_yoast_wpseo_keywordsynonyms', 'value': '[""""]'}, {'id': 2769843, 'key': 'gtin_ean', 'value': ''}, {'id': 2769844, 'key': '_gtin_ean', 'value': 'field_5f2ad52ca675c'}, {'id': 2769845, 'key': 'gx_marke', 'value': ''}, {'id': 2769846, 'key': '_gx_marke', 'value': 'field_5f2adbd253734'}, {'id': 2769847, 'key': 'gx_product_category', 'value': ''}, {'id': 2769848, 'key': '_gx_product_category', 'value': 'field_5f2adc0653735'}, {'id': 2769849, 'key': 'gx_weight', 'value': ''}, {'id': 2769850, 'key': '_gx_weight', 'value': 'field_5f2adc2353736'}, {'id': 2769851, 'key': 'gx_mwst', 'value': ''}, {'id': 2769852, 'key': '_gx_mwst', 'value': 'field_5f2adc7353737'}, {'id': 2769853, 'key': 'pf_swissbilling_product_category', 'value': 'none'}, {'id': 2769854, 'key': '_ts_gtin', 'value': ''}, {'id': 2769855, 'key': '_ts_mpn', 'value': ''}, {'id': 2769856, 'key': '_wpml_media_has_media', 'value': '1'}, {'id': 2769857, 'key': 'cat_footer_have_wholesale_price', 'value': 'no'}, {'id': 2769858, 'key': 'wpil_sync_report3', 'value': '1'}, {'id': 2769859, 'key': 'wpil_links_inbound_internal_count', 'value': '0'}, {'id': 2769860, 'key': 'wpil_links_inbound_internal_count_data', 'value': []}, {'id': 2769861, 'key': 'wpil_links_outbound_internal_count', 'value': '0'}, {'id': 2769862, 'key': 'wpil_links_outbound_internal_count_data', 'value': []}, {'id': 2769863, 'key': 'wpil_links_outbound_external_count', 'value': '0'}, {'id': 2769864, 'key': 'wpil_links_outbound_external_count_data', 'value': []}, {'id': 2769865, 'key': 'wpil_sync_report2_time', 'value': '2020-12-19T15:08:20+00:00'}, {'id': 2769866, 'key': '_yoast_wpseo_estimated-reading-time-minutes', 'value': '1'}, {'id': 2769867, 'key': '_wcct_goaldeal_99927_1618524000_1619042400', 'value': {'quantity': 8, 'type': 'custom', 'campaign_id': 99927}}, {'id': 2769868, 'key': '_wcct_goaldeal_stock_99927_1618524000_1619042400', 'value': 'yes'}, {'id': 2769869, 'key': '_ywpc_enabled', 'value': 'no'}, {'id': 2769870, 'key': '_ywpc_sale_price_dates_from', 'value': ''}, {'id': 2769871, 'key': '_ywpc_sale_price_dates_to', 'value': ''}, {'id': 2769872, 'key': '_ywpc_sold_qty', 'value': '0'}, {'id': 2769873, 'key': '_ywpc_discount_qty', 'value': '0'}, {'id': 2769874, 'key': 'wholesale_customer_have_wholesale_price', 'value': 'no'}, {'id': 2769875, 'key': 'wwpp_product_wholesale_visibility_filter', 'value': 'all'}, {'id': 2769876, 'key': 'rank_math_internal_links_processed', 'value': '1'}, {'id': 2769877, 'key': 'rank_math_seo_score', 'value': '75'}, {'id': 2769878, 'key': 'rank_math_focus_keyword', 'value': 'Green Passion Fruit Punch - 2 g'}, {'id': 2769879, 'key': 'rank_math_description', 'value': 'Green Passion Fruit Punch - 2 g - JETZT von unserem vielfältigen Sortiment profitieren + Blitzversand und ab 79 CHF Portofreie Lieferung!'}, {'id': 2769880, 'key': '_unit', 'value': ''}, {'id': 2769881, 'key': '_unit_base', 'value': ''}, {'id': 2769882, 'key': '_unit_product', 'value': ''}, {'id': 2769883, 'key': '_unit_price_auto', 'value': 'no'}, {'id': 2769884, 'key': '_unit_price_regular', 'value': ''}, {'id': 2769885, 'key': '_unit_price', 'value': ''}, {'id': 2769886, 'key': '_unit_price_sale', 'value': ''}, {'id': 2769887, 'key': '_sale_price_label', 'value': ''}, {'id': 2769888, 'key': '_sale_price_regular_label', 'value': ''}, {'id': 2769889, 'key': '_mini_desc', 'value': ''}, {'id': 2769890, 'key': '_defect_description', 'value': ''}, {'id': 2769891, 'key': '_warranty_attachment_id', 'value': ''}, {'id': 2769892, 'key': '_min_age', 'value': ''}, {'id': 2769893, 'key': '_delivery_time_countries', 'value': []}, {'id': 2769894, 'key': '_free_shipping', 'value': 'no'}, {'id': 2769895, 'key': '_service', 'value': 'no'}, {'id': 2769896, 'key': '_used_good', 'value': 'no'}, {'id': 2769897, 'key': '_defective_copy', 'value': 'no'}, {'id': 2769898, 'key': '_is_food', 'value': 'no'}, {'id': 2769899, 'key': '_differential_taxation', 'value': 'no'}, {'id': 2769900, 'key': '_gzd_version', 'value': '3.11.0'}, {'id': 2769901, 'key': '_hs_code', 'value': ''}, {'id': 2769902, 'key': '_manufacture_country', 'value': '0'}, {'id': 2769903, 'key': '_rank_math_gtin_code', 'value': ''}, {'id': 2769904, 'key': 'banner_single', 'value': ''}, {'id': 2769905, 'key': '_banner_single', 'value': 'field_62184dc85c9c9'}, {'id': 2769906, 'key': 'banner_single_mobile', 'value': ''}, {'id': 2769907, 'key': '_banner_single_mobile', 'value': 'field_621e2f5fc5eda'}, {'id': 2769908, 'key': 'text_sale_%', 'value': ''}, {'id': 2769909, 'key': '_text_sale_%', 'value': 'field_6218529acc977'}, {'id': 2769910, 'key': 'sale_%', 'value': ''}, {'id': 2769911, 'key': '_sale_%', 'value': 'field_621851ef65179'}, {'id': 2769912, 'key': 'inline_featured_image', 'value': '0'}, {'id': 2769913, 'key': 'rank_math_primary_product_cat', 'value': '0'}, {'id': 2769914, 'key': 'rank_math_auto_redirect', 'value': [77]}, {'id': 2769915, 'key': 'rank_math_title', 'value': 'Hanfpost.ch Green Passion Fruit Punch - 2 g'}, {'id': 2769917, 'key': '_allergen_ids', 'value': []}, {'id': 2769918, 'key': 'rank_math_analytic_object_id', 'value': '1478'}]",instock,False,,0,[],"{'base': '', 'product': '', 'price_auto': False, 'price': '', 'price_regular': '', 'price_sale': '', 'price_html': ''}",,,,,,[],[],[],[],False,False,False,False,False,False,"{'deposit_type': [], 'deposit_quantity': 1, 'deposit': 0, 'ingredients': '', 'nutrient_reference_value': '', 'nutri_score': '', 'alcohol_content': '', 'allergen_ids': [], 'nutrient_ids': [{'term': 0, 'value': '', 'ref_value': ''}], 'net_filling_quantity': '', 'drained_weight': '', 'description': '', 'distributor': '', 'place_of_origin': ''}","{'self': [{'href': 'https://hanfpost.ch/wp-json/wc/v3/products/165604'}], 'collection': [{'href': 'https://hanfpost.ch/wp-json/wc/v3/products'}]}",CBD Blüten Schweiz,Indoor,,['10 Gramm'],Menge
9,9,9,165310,"Smoking Drehunterlage ""Smoking Rot"" Medium",smoking-drehunterlage-smoking-rot-medium,https://hanfpost.ch/smoking-drehunterlage-smoking-rot-medium/,2022-11-21T14:16:24,2022-11-21T13:16:24,2022-12-08T22:41:41,2022-12-08T21:41:41,simple,publish,False,visible,"<h2 class=""fn"">Smoking Drehunterlage ""Smoking Rot"" Medium</h2>
<p>Smoking Drehunterlage ""Smoking Rot"" Medium - Ordnung im Raucherbedarf!</p>
<p>Masse ca. 27.5 cm x 16cm x 17.5 cm</p>
<p>Material: Metall</p>
<p>&nbsp;</p>
",,70.117,9.9,9.9,,,,,,False,True,1,False,False,[],-1,-1,,,taxable,,True,49.0,no,False,False,,False,,"{'length': '', 'width': '', 'height': ''}",True,True,,0,True,0.0,0,[],[],0,,"[{'id': 82, 'name': 'CBD Zubehör', 'slug': 'cbd-zubehor'}, {'id': 89, 'name': 'Nützliches', 'slug': 'nutzliches'}]",[],"[{'id': 165314, 'date_created': '2022-11-21T15:20:14', 'date_created_gmt': '2022-11-21T13:20:14', 'date_modified': '2022-11-21T15:20:19', 'date_modified_gmt': '2022-11-21T13:20:19', 'src': 'https://hanfpost.ch/wp-content/uploads/2022/11/Drehunterlage-Smoking-Rot.jpg', 'name': 'Drehunterlage Smoking Rot', 'alt': 'Drehunterlage Smoking Rot'}]",[],[],[],[],968,"<span class=""woocommerce-Price-amount amount""><bdi>9,90&nbsp;<span class=""woocommerce-Price-currencySymbol"">&#67;&#72;&#70;</span></bdi></span>","[129132, 129079, 129168, 157355, 129149]","[{'id': 2753828, 'key': 'rank_math_internal_links_processed', 'value': '1'}, {'id': 2753848, 'key': '_stock_cachetime', 'value': '1670535701'}, {'id': 2753849, 'key': 'rank_math_internal_links_processed', 'value': '1'}, {'id': 2753850, 'key': '_stock_cachetime', 'value': '1670535701'}, {'id': 2753851, 'key': '_bulkdiscount_text_info', 'value': ''}, {'id': 2753852, 'key': '_bulkdiscount_enabled', 'value': 'yes'}, {'id': 2753853, 'key': '_bulkdiscount_quantity_1', 'value': ''}, {'id': 2753854, 'key': '_bulkdiscount_discount_1', 'value': ''}, {'id': 2753855, 'key': '_bulkdiscount_quantity_2', 'value': ''}, {'id': 2753856, 'key': '_bulkdiscount_discount_2', 'value': ''}, {'id': 2753857, 'key': '_bulkdiscount_quantity_3', 'value': ''}, {'id': 2753858, 'key': '_bulkdiscount_discount_3', 'value': ''}, {'id': 2753859, 'key': '_bulkdiscount_quantity_4', 'value': ''}, {'id': 2753860, 'key': '_bulkdiscount_discount_4', 'value': ''}, {'id': 2753861, 'key': '_bulkdiscount_quantity_5', 'value': ''}, {'id': 2753862, 'key': '_bulkdiscount_discount_5', 'value': ''}, {'id': 2753863, 'key': 'wc_productdata_options', 'value': [{'_product_block': '0', '_top_content': '', '_bottom_content': '', '_bubble_new': '', '_bubble_text': '', '_custom_tab_title': '', '_custom_tab': '', '_product_video': '', '_product_video_size': '', '_product_video_placement': ''}]}, {'id': 2753864, 'key': '_yoast_wpseo_primary_product_cat', 'value': '2942'}, {'id': 2753865, 'key': '_yoast_wpseo_focuskw_text_input', 'value': 'Raw Drehunterlage S'}, {'id': 2753866, 'key': '_yoast_wpseo_focuskw', 'value': 'OCB Tablett Premium Drehunterlage Black'}, {'id': 2753867, 'key': '_yoast_wpseo_metadesc', 'value': 'OCB Tablett Premium Drehunterlage Black | Schnelle Lieferung. Viele weitere Top CBD Produkte findest du bei uns im Onlineshop!'}, {'id': 2753868, 'key': '_yoast_wpseo_linkdex', 'value': '50'}, {'id': 2753869, 'key': '_yoast_wpseo_content_score', 'value': '90'}, {'id': 2753870, 'key': '_yoast_wpseo_title', 'value': 'OCB Tablett Premium Drehunterlage Black | Hanföl'}, {'id': 2753871, 'key': '_wpas_done_all', 'value': '1'}, {'id': 2753872, 'key': 'sd_payments', 'value': []}, {'id': 2753873, 'key': 'wholesale_customer_wholesale_price', 'value': ''}, {'id': 2753874, 'key': 'wholesale_customer_wholesale_minimum_order_quantity', 'value': ''}, {'id': 2753875, 'key': 'wholesale_customer_wholesale_order_quantity_step', 'value': ''}, {'id': 2753876, 'key': 'wwpp_ignore_cat_level_wholesale_discount', 'value': 'no'}, {'id': 2753877, 'key': 'wwpp_ignore_role_level_wholesale_discount', 'value': 'no'}, {'id': 2753878, 'key': 'wwpp_product_hash', 'value': '61bb1ffd1d5ea4.82939753'}, {'id': 2753879, 'key': '_yst_prominent_words_version', 'value': '1'}, {'id': 2753880, 'key': 'wwpp_post_meta_enable_quantity_discount_rule', 'value': ''}, {'id': 2753881, 'key': '_yoast_wpseo_focuskeywords', 'value': '[]'}, {'id': 2753882, 'key': '_yoast_wpseo_keywordsynonyms', 'value': '[""""]'}, {'id': 2753883, 'key': '_stock_cachetime', 'value': '1670535701'}, {'id': 2753884, 'key': '_stock_info', 'value': 'normal'}, {'id': 2753885, 'key': '_wpml_media_has_media', 'value': '1'}, {'id': 2753886, 'key': 'wpil_sync_report3', 'value': '1'}, {'id': 2753887, 'key': 'wpil_links_inbound_internal_count', 'value': '0'}, {'id': 2753888, 'key': 'wpil_links_inbound_internal_count_data', 'value': []}, {'id': 2753889, 'key': 'wpil_links_outbound_internal_count', 'value': '0'}, {'id': 2753890, 'key': 'wpil_links_outbound_internal_count_data', 'value': []}, {'id': 2753891, 'key': 'wpil_links_outbound_external_count', 'value': '0'}, {'id': 2753892, 'key': 'wpil_links_outbound_external_count_data', 'value': []}, {'id': 2753893, 'key': 'wpil_sync_report2_time', 'value': '2020-12-19T18:04:47+00:00'}, {'id': 2753894, 'key': 'pf_swissbilling_product_category', 'value': 'none'}, {'id': 2753895, 'key': '_ts_gtin', 'value': ''}, {'id': 2753896, 'key': '_ts_mpn', 'value': ''}, {'id': 2753897, 'key': 'gtin_ean', 'value': ''}, {'id': 2753898, 'key': '_gtin_ean', 'value': 'field_5f2ad52ca675c'}, {'id': 2753899, 'key': 'gx_marke', 'value': ''}, {'id': 2753900, 'key': '_gx_marke', 'value': 'field_5f2adbd253734'}, {'id': 2753901, 'key': 'gx_product_category', 'value': ''}, {'id': 2753902, 'key': '_gx_product_category', 'value': 'field_5f2adc0653735'}, {'id': 2753903, 'key': 'gx_weight', 'value': ''}, {'id': 2753904, 'key': '_gx_weight', 'value': 'field_5f2adc2353736'}, {'id': 2753905, 'key': 'gx_mwst', 'value': ''}, {'id': 2753906, 'key': '_gx_mwst', 'value': 'field_5f2adc7353737'}, {'id': 2753907, 'key': '_yoast_wpseo_estimated-reading-time-minutes', 'value': '1'}, {'id': 2753908, 'key': 'cat_footer_have_wholesale_price', 'value': 'no'}, {'id': 2753909, 'key': '_wcct_goaldeal_99927_1618524000_1619042400', 'value': {'quantity': 8, 'type': 'custom', 'campaign_id': 99927}}, {'id': 2753910, 'key': '_wcct_goaldeal_stock_99927_1618524000_1619042400', 'value': 'yes'}, {'id': 2753911, 'key': '_ywpc_enabled', 'value': 'no'}, {'id': 2753912, 'key': '_ywpc_sale_price_dates_from', 'value': ''}, {'id': 2753913, 'key': '_ywpc_sale_price_dates_to', 'value': ''}, {'id': 2753914, 'key': '_ywpc_sold_qty', 'value': '0'}, {'id': 2753915, 'key': '_ywpc_discount_qty', 'value': '0'}, {'id': 2753916, 'key': 'wholesale_customer_have_wholesale_price', 'value': 'no'}, {'id': 2753917, 'key': 'wwpp_product_wholesale_visibility_filter', 'value': 'all'}, {'id': 2753918, 'key': 'rank_math_internal_links_processed', 'value': '1'}, {'id': 2753919, 'key': '_delivery_time_countries', 'value': []}, {'id': 2753920, 'key': 'rank_math_seo_score', 'value': '22'}, {'id': 2753921, 'key': 'rank_math_focus_keyword', 'value': 'Smoking Drehunterlage Smoking Rot Medium'}, {'id': 2753922, 'key': 'rank_math_title', 'value': 'Smoking Drehunterlage ""Smoking Rot"" Medium - Schweizer CBD Onlineshop'}, {'id': 2753923, 'key': 'rank_math_description', 'value': 'Smoking Drehunterlage ""Smoking Rot"" Medium - Auf Hanfpost.ch neu erhältlich.'}, {'id': 2753924, 'key': '_unit', 'value': ''}, {'id': 2753925, 'key': '_unit_base', 'value': ''}, {'id': 2753926, 'key': '_unit_product', 'value': ''}, {'id': 2753927, 'key': '_unit_price_auto', 'value': 'no'}, {'id': 2753928, 'key': '_unit_price_regular', 'value': ''}, {'id': 2753929, 'key': '_unit_price', 'value': ''}, {'id': 2753930, 'key': '_unit_price_sale', 'value': ''}, {'id': 2753931, 'key': '_sale_price_label', 'value': ''}, {'id': 2753932, 'key': '_sale_price_regular_label', 'value': ''}, {'id': 2753933, 'key': '_mini_desc', 'value': ''}, {'id': 2753934, 'key': '_defect_description', 'value': ''}, {'id': 2753935, 'key': '_warranty_attachment_id', 'value': ''}, {'id': 2753936, 'key': '_min_age', 'value': ''}, {'id': 2753937, 'key': '_free_shipping', 'value': 'no'}, {'id': 2753938, 'key': '_service', 'value': 'no'}, {'id': 2753939, 'key': '_used_good', 'value': 'no'}, {'id': 2753940, 'key': '_defective_copy', 'value': 'no'}, {'id': 2753941, 'key': '_is_food', 'value': 'no'}, {'id': 2753942, 'key': '_differential_taxation', 'value': 'no'}, {'id': 2753943, 'key': '_gzd_version', 'value': '3.11.0'}, {'id': 2753944, 'key': '_hs_code', 'value': ''}, {'id': 2753945, 'key': '_manufacture_country', 'value': '0'}, {'id': 2753946, 'key': '_rank_math_gtin_code', 'value': ''}, {'id': 2753947, 'key': 'banner_single', 'value': ''}, {'id': 2753948, 'key': '_banner_single', 'value': 'field_62184dc85c9c9'}, {'id': 2753949, 'key': 'banner_single_mobile', 'value': ''}, {'id': 2753950, 'key': '_banner_single_mobile', 'value': 'field_621e2f5fc5eda'}, {'id': 2753951, 'key': 'text_sale_%', 'value': ''}, {'id': 2753952, 'key': '_text_sale_%', 'value': 'field_6218529acc977'}, {'id': 2753953, 'key': 'sale_%', 'value': ''}, {'id': 2753954, 'key': '_sale_%', 'value': 'field_621851ef65179'}, {'id': 2753955, 'key': 'inline_featured_image', 'value': '0'}, {'id': 2753956, 'key': 'rank_math_primary_product_cat', 'value': '0'}, {'id': 2754421, 'key': '_allergen_ids', 'value': []}, {'id': 2754422, 'key': 'rank_math_analytic_object_id', 'value': '1477'}]",instock,False,,0,[],"{'base': '', 'product': '', 'price_auto': False, 'price': '', 'price_regular': '', 'price_sale': '', 'price_html': ''}",,,,,,[],[],[],[],False,False,False,False,False,False,"{'deposit_type': [], 'deposit_quantity': 1, 'deposit': 0, 'ingredients': '', 'nutrient_reference_value': '', 'nutri_score': '', 'alcohol_content': '', 'allergen_ids': [], 'nutrient_ids': [{'term': 0, 'value': '', 'ref_value': ''}], 'net_filling_quantity': '', 'drained_weight': '', 'description': '', 'distributor': '', 'place_of_origin': ''}","{'self': [{'href': 'https://hanfpost.ch/wp-json/wc/v3/products/165310'}], 'collection': [{'href': 'https://hanfpost.ch/wp-json/wc/v3/products'}]}",CBD Zubehör,Nützliches,,,
